id,email,first_name,last_name,country,city,industry,number_of_employees,annual_revenue,job_title,seniority,deal_stage,deal_type,pipeline,amount,close_date,inbound_source,deal_source_of_the_deal,lifecycle_stage,lead_status,has_meeting,meeting_count,days_to_demo
1,camila.suarez10@outlook.com,Camila,Suárez,Chile,Valparaíso,Logística,7516,864513852,HR Director,Manager,lost,New Business,Enterprise,29534,2026-10-18,Organic,organic_seo,lead,unqualified,true,1,10
2,patricia.suarez89@finanzasinc.co,Patricia,Suárez,Colombia,Cali,Finanzas,7247,994250803,Chief People Officer,C-Level / VP,champion engaged,New Business,Outbound,32032,,Instagram,instagram_paid_stories,sales qualified lead,open deal,true,2,40
3,jimena.munoz49@telecomunicacionescorp.mx,Jimena,Muñoz,Perú,Piura,Telecomunicaciones,75,19717909,People Operations Manager,Manager,demo,New Business,Partnerships,7716,,LinkedIn,linkedin_paid_awareness,sales qualified lead,open deal,false,0,
4,jorge.flores34@retailcorp.cl,Jorge,Flores,Brasil,Rio de Janeiro,Retail,279,26336238,HR Manager,Manager,lost,New Business,Inbound,13460,2025-04-25,Referral,referral_organic,lead,bad timing,true,4,21
5,pablo.reyes66@gmail.com,Pablo,Reyes,Colombia,Cartagena,Retail,381,50380934,Employee Experience Manager,Manager,lead,New Business,Partnerships,,,Facebook,facebook_paid_prospecting,lead,open,false,0,
6,sergio.navarro18@finanzassrl.com.ar,Sergio,Navarro,España,Sevilla,Finanzas,34,2204508,HR Generalist,IC,approaching,New Business,Inbound,,,Event,event_conference,lead,new,false,0,
7,natalia.navarro92@educacioncorp.com.ar,Natalia,Navarro,Brasil,Curitiba,Educación,35,2468510,People Operations Coordinator,IC,lead,New Business,Inbound,,,Facebook,facebook_paid_retargeting,lead,new,false,0,
8,luis.munoz7@gmail.com,Luis,Muñoz,España,Barcelona,Finanzas,34,4506628,Employee Experience Manager,Manager,discovery,New Business,Inbound,,,Google,google_paid_search,marketing qualified lead,in progress,true,2,19
9,martin.gutierrez51@alimentacioncorp.com,Martín,Gutiérrez,Perú,Chiclayo,Alimentación,232,52191862,HR Generalist,IC,approaching,New Business,Partnerships,,,Referral,referral_organic,lead,new,true,1,17
10,matias.garcia20@retailsrl.mx,Matías,García,México,Tijuana,Retail,3981,807114439,Founder & CEO,C-Level / VP,lost,New Business,Enterprise,32934,2025-03-24,Facebook,facebook_paid_retargeting,lead,bad timing,true,3,40
11,elena.ramirez96@manufacturatech.com.ar,Elena,Ramírez,Colombia,Cartagena,Manufactura,30,720525,HR Assistant,IC,approaching,New Business,Inbound,,,Facebook,facebook_paid_lookalike,lead,new,false,0,
12,maria.fernandez2@manufacturainc.cl,María,Fernández,Chile,Santiago,Manufactura,83,16923182,HR Business Partner,Manager,lost,New Business,Inbound,14100,2025-07-26,Google,google_paid_display,lead,bad timing,true,7,45
13,andres.diaz6@telecomunicacionesinc.com.ar,Andrés,Díaz,Perú,Chiclayo,Telecomunicaciones,350,59507131,HR Systems Architect,Technical,decision maker engaged,New Business,Outbound,6680,2026-09-12,Event,event_conference,sales qualified lead,open deal,true,6,21
14,andres.suarez94@educacionsrl.com,Andrés,Suárez,Chile,Valparaíso,Educación,168,10183882,Chief People Officer,C-Level / VP,pilot,New Business,Inbound,23472,2024-05-09,Referral,referral_organic,opportunity,open deal,false,0,
15,veronica.romero49@outlook.com,Verónica,Romero,España,Barcelona,Construcción,121,5957143,Workforce Manager,Manager,discovery,New Business,Inbound,,,Instagram,instagram_paid_reels,marketing qualified lead,open,false,0,
16,vanessa.fernandez69@educacioninc.com.ar,Vanessa,Fernández,España,Madrid,Educación,316,77664529,HR Analyst,IC,lost,New Business,Inbound,6172,2025-05-31,Google,google_paid_display,lead,bad timing,true,1,45
17,valentina.medina5@educaciontech.com.ar,Valentina,Medina,Brasil,Porto Alegre,Educación,742,132257669,Director General,C-Level / VP,decision maker engaged,New Business,Enterprise,45713,2026-09-28,Referral,referral_organic,sales qualified lead,open deal,false,0,
18,gabriela.alvarez41@construccionsa.mx,Gabriela,Álvarez,Chile,Antofagasta,Construcción,367,17201651,VP of Human Resources,C-Level / VP,discovery,New Business,Inbound,,,LinkedIn,linkedin_paid_retargeting,marketing qualified lead,in progress,false,0,
19,valentina.munoz57@logisticainc.co,Valentina,Muñoz,Chile,Concepción,Logística,4132,761015071,HRIS Specialist,Technical,won,New Business,Outbound,38540,2026-04-23,Instagram,instagram_paid_feed,customer,open deal,true,7,3
20,gustavo.perez8@saludsa.cl,Gustavo,Pérez,España,Madrid,Salud,49,518657,HR Director,Manager,lost,New Business,Partnerships,12182,2026-03-09,Organic,organic_seo,lead,unqualified,true,6,40
21,vanessa.sanchez62@alimentaciongroup.com,Vanessa,Sánchez,Argentina,Tucumán,Alimentación,639,171796468,Payroll Manager,Manager,demo,New Business,Outbound,8837,,LinkedIn,linkedin_paid_awareness,sales qualified lead,open deal,false,0,
22,isabella.ramirez56@retailcorp.cl,Isabella,Ramírez,Colombia,Cali,Retail,3448,910995117,Organizational Development Specialist,Technical,decision maker engaged,New Business,Outbound,17831,2025-12-28,Event,event_conference,sales qualified lead,open deal,false,0,
23,nicolas.rojas50@logisticasolutions.mx,Nicolás,Rojas,Perú,Lima,Logística,863,195636002,Recruiter,IC,approaching,New Business,Enterprise,,,Facebook,facebook_paid_lookalike,lead,new,false,0,
24,isabella.alvarez17@educaciontech.cl,Isabella,Álvarez,Colombia,Cartagena,Educación,3291,685473020,Organizational Development Specialist,Technical,champion engaged,New Business,Enterprise,18511,,Instagram,instagram_paid_stories,sales qualified lead,open deal,true,2,27
25,patricia.cabrera47@manufacturatech.co,Patricia,Cabrera,Chile,Valparaíso,Manufactura,479,64348154,VP of People,C-Level / VP,discovery,New Business,Partnerships,,,LinkedIn,linkedin_paid_conversion,marketing qualified lead,open,false,0,
26,daniela.navarro87@gmail.com,Daniela,Navarro,Argentina,Buenos Aires,Finanzas,458,66401771,Recruiter,IC,prequalified,New Business,Inbound,,,Instagram,instagram_paid_feed,marketing qualified lead,in progress,false,0,
27,santiago.medina37@telecomunicacionessa.cl,Santiago,Medina,Argentina,Tucumán,Telecomunicaciones,717,163082100,Workforce Manager,Manager,pilot,New Business,Outbound,12564,2026-02-20,LinkedIn,linkedin_paid_retargeting,opportunity,open deal,false,0,
28,gabriela.navarro59@outlook.com,Gabriela,Navarro,México,Ciudad de México,Tecnología,118,8367468,HR Coordinator,IC,approaching,New Business,Partnerships,,,Facebook,facebook_paid_retargeting,lead,new,false,0,
29,ricardo.rivera76@manufacturasrl.co,Ricardo,Rivera,Colombia,Cali,Manufactura,765,109325789,Compensation & Benefits Manager,Manager,lost,New Business,Enterprise,15866,2024-09-14,Instagram,instagram_paid_stories,lead,bad timing,true,3,38
30,javier.medina13@finanzasinc.cl,Javier,Medina,Colombia,Medellín,Finanzas,154,15333676,Operations Manager,Manager,lost,New Business,Inbound,6288,2024-04-02,Organic,organic_seo,lead,bad timing,true,8,42
31,veronica.flores21@telecomunicacionescorp.co,Verónica,Flores,Chile,Valparaíso,Telecomunicaciones,118,2853213,VP of People,C-Level / VP,won,New Business,Outbound,34701,2026-12-18,Facebook,facebook_paid_retargeting,customer,open deal,true,3,8
32,patricia.vargas59@finanzasinc.co,Patricia,Vargas,Argentina,Córdoba,Finanzas,48,1827947,HR Analyst,IC,final negotiation,New Business,Partnerships,13309,2025-07-22,Facebook,facebook_paid_prospecting,opportunity,open deal,true,5,6
33,natalia.diaz38@alimentacioncorp.cl,Natalia,Díaz,México,Ciudad de México,Alimentación,3143,308505380,CHRO,C-Level / VP,demo,New Business,Enterprise,131614,,Referral,referral_organic,sales qualified lead,open deal,true,3,30
34,martin.romero61@gmail.com,Martín,Romero,Brasil,Porto Alegre,Logística,949,57686337,Workforce Manager,Manager,pilot,New Business,Outbound,26681,2025-04-18,LinkedIn,linkedin_paid_conversion,opportunity,open deal,true,6,5
35,natalia.alvarez43@finanzasgroup.cl,Natalia,Álvarez,Perú,Piura,Finanzas,407,28135633,People Operations Coordinator,IC,prequalified,New Business,Outbound,,,Instagram,instagram_paid_reels,marketing qualified lead,open,false,0,
36,matias.chavez22@construccioncorp.mx,Matías,Chávez,Colombia,Cali,Construcción,289,65646852,CFO,C-Level / VP,won,Upsell,Partnerships,13074,2024-02-15,Organic,organic_seo,customer,open deal,true,2,4
37,sofia.alvarez62@retailinc.com,Sofía,Álvarez,México,Monterrey,Retail,468,48157633,HR Analyst,IC,champion engaged,New Business,Partnerships,8696,,Facebook,facebook_paid_lookalike,sales qualified lead,open deal,false,0,
38,hernan.jimenez17@telecomunicacionesinc.mx,Hernán,Jiménez,Argentina,Córdoba,Telecomunicaciones,740,190847950,Workforce Planning Analyst,Technical,pilot,New Business,Outbound,13081,2026-09-21,Organic,organic_seo,opportunity,open deal,true,4,28
39,isabella.reyes63@construccioninc.co,Isabella,Reyes,Argentina,Rosario,Construcción,30,3947648,Benefits Coordinator,IC,won,New Business,Partnerships,7022,2026-04-16,Instagram,instagram_paid_reels,customer,open deal,true,8,23
40,daniela.cruz60@construccionsolutions.co,Daniela,Cruz,Brasil,Belo Horizonte,Construcción,363,61948483,HR Assistant,IC,prequalified,New Business,Inbound,,,Facebook,facebook_paid_retargeting,marketing qualified lead,open,false,0,
41,carlos.flores27@outlook.com,Carlos,Flores,México,Monterrey,Telecomunicaciones,22,1006056,HR Consultant,Technical,prequalified,New Business,Outbound,,,LinkedIn,linkedin_paid_retargeting,marketing qualified lead,open,false,0,
42,monica.alvarez63@construccionsrl.com.ar,Monica,Álvarez,México,Puebla,Construcción,740,162079002,Co-Founder,C-Level / VP,decision maker engaged,New Business,Outbound,31828,2026-12-22,LinkedIn,linkedin_paid_retargeting,sales qualified lead,open deal,true,6,8
43,patricia.ramirez79@saludinc.co,Patricia,Ramírez,Argentina,Tucumán,Salud,268,65767711,HR Consultant,Technical,decision maker engaged,New Business,Inbound,4155,2024-07-28,Referral,referral_organic,sales qualified lead,open deal,true,1,15
44,jorge.hernandez72@educacioncorp.cl,Jorge,Hernández,Brasil,Porto Alegre,Educación,423,16874872,HR Business Partner,Manager,decision maker engaged,New Business,Partnerships,5158,2024-07-19,LinkedIn,linkedin_paid_awareness,sales qualified lead,open deal,true,4,41
45,miguel.fernandez4@outlook.com,Miguel,Fernández,Argentina,Tucumán,Construcción,8052,272212627,HR Systems Architect,Technical,lead,New Business,Outbound,,,Facebook,facebook_paid_prospecting,lead,new,false,0,
46,jimena.vega59@construcciontech.co,Jimena,Vega,Colombia,Cartagena,Construcción,432,34668972,Payroll Manager,Manager,champion engaged,New Business,Outbound,9258,,LinkedIn,linkedin_paid_retargeting,sales qualified lead,open deal,true,5,35
47,jorge.rivera91@saludinc.mx,Jorge,Rivera,México,Guadalajara,Salud,409,43057629,HR Analyst,IC,final negotiation,New Business,Partnerships,11716,2025-01-20,Facebook,facebook_paid_retargeting,opportunity,open deal,true,1,7
48,lucia.suarez20@gmail.com,Lucía,Suárez,Perú,Lima,Logística,361,23261010,People Operations Coordinator,IC,lost,New Business,Inbound,8663,2026-06-15,Google,google_paid_performance_max,lead,bad timing,true,6,5
49,ricardo.gonzalez42@educacionsolutions.com.ar,Ricardo,González,Brasil,São Paulo,Educación,704,162752308,Director General,C-Level / VP,champion engaged,New Business,Enterprise,27187,,Organic,organic_seo,sales qualified lead,open deal,false,0,
50,roberto.mendoza52@educacionsa.co,Roberto,Mendoza,Perú,Chiclayo,Educación,16,3670970,HR Coordinator,IC,prequalified,New Business,Inbound,,,LinkedIn,linkedin_paid_conversion,marketing qualified lead,open,true,2,13
51,jorge.ortiz19@gmail.com,Jorge,Ortiz,México,Ciudad de México,Salud,54,17570573,Co-Founder,C-Level / VP,won,New Business,Outbound,17596,2024-03-01,Google,google_paid_performance_max,customer,open deal,false,0,
52,elena.castro12@telecomunicacionessrl.cl,Elena,Castro,Argentina,Buenos Aires,Telecomunicaciones,777,83530011,CEO,C-Level / VP,pilot,New Business,Outbound,41373,2024-10-21,Event,event_webinar,opportunity,open deal,false,0,
53,laura.ortiz86@gmail.com,Laura,Ortiz,México,Monterrey,Manufactura,934,57459551,Payroll Analyst,IC,prequalified,New Business,Outbound,,,Referral,referral_organic,marketing qualified lead,open,false,0,
54,laura.gutierrez30@logisticasa.com,Laura,Gutiérrez,Colombia,Medellín,Logística,33,1528397,CEO,C-Level / VP,discovery,New Business,Outbound,,,LinkedIn,linkedin_paid_retargeting,marketing qualified lead,in progress,false,0,
55,florencia.martinez80@construcciontech.mx,Florencia,Martínez,Brasil,Rio de Janeiro,Construcción,48,3471613,HR Generalist,IC,discovery,New Business,Outbound,,,Referral,referral_organic,marketing qualified lead,in progress,false,0,
56,agustin.cruz92@logisticagroup.com.ar,Agustín,Cruz,Colombia,Medellín,Logística,51,13049430,Workforce Manager,Manager,lost,New Business,Inbound,7787,2026-12-04,Google,google_paid_search,lead,bad timing,true,4,13
57,martin.gomez61@saludgroup.co,Martín,Gómez,Brasil,Belo Horizonte,Salud,245,55869317,HR Director,Manager,champion engaged,New Business,Inbound,5072,,Facebook,facebook_paid_lookalike,sales qualified lead,open deal,false,0,
58,rodrigo.sanchez29@finanzassa.com.ar,Rodrigo,Sánchez,Perú,Piura,Finanzas,2763,715883730,HR Systems Architect,Technical,decision maker engaged,New Business,Outbound,37842,2024-03-07,Google,google_paid_search,sales qualified lead,open deal,true,1,11
59,lucia.castro66@saludcorp.co,Lucía,Castro,Argentina,Buenos Aires,Salud,22,1983757,CTO,C-Level / VP,demo,New Business,Inbound,17949,,Google,google_paid_performance_max,sales qualified lead,open deal,false,0,
60,andrea.rivera77@outlook.com,Andrea,Rivera,España,Sevilla,Educación,135,10441915,HR Coordinator,IC,lead,New Business,Inbound,,,Referral,referral_organic,lead,new,false,0,
61,fernando.romero86@construccioninc.mx,Fernando,Romero,Brasil,Porto Alegre,Construcción,140,7792728,Director General,C-Level / VP,champion engaged,New Business,Inbound,23607,,LinkedIn,linkedin_paid_retargeting,sales qualified lead,open deal,false,0,
62,vanessa.suarez23@saludsrl.cl,Vanessa,Suárez,Colombia,Medellín,Salud,133,12025695,People Operations Coordinator,IC,won,New Business,Outbound,14331,2024-12-30,Instagram,instagram_paid_stories,customer,open deal,true,3,33
63,jimena.castro84@logisticainc.cl,Jimena,Castro,México,Guadalajara,Logística,188,10795662,People Manager,Manager,discovery,New Business,Outbound,,,LinkedIn,linkedin_paid_conversion,marketing qualified lead,in progress,false,0,
64,diego.ortiz23@retailsa.com.ar,Diego,Ortiz,Brasil,São Paulo,Retail,140,16619854,CTO,C-Level / VP,final negotiation,New Business,Inbound,29424,2024-12-10,LinkedIn,linkedin_paid_awareness,opportunity,open deal,false,0,
65,javier.flores6@tecnologiatech.mx,Javier,Flores,Chile,Concepción,Tecnología,1162,805207279,Operations Manager,Manager,champion engaged,New Business,Outbound,19618,,Facebook,facebook_paid_prospecting,sales qualified lead,open deal,true,2,43
66,paola.medina66@logisticainc.co,Paola,Medina,Colombia,Cali,Logística,629,139495357,People Operations Manager,Manager,pilot,New Business,Outbound,25080,2026-06-13,LinkedIn,linkedin_paid_conversion,opportunity,open deal,false,0,
67,claudia.mendoza83@saludinc.com.ar,Claudia,Mendoza,México,Puebla,Salud,18,3542188,People Operations Coordinator,IC,pilot,New Business,Inbound,4149,2025-12-09,Instagram,instagram_paid_reels,opportunity,open deal,true,8,12
68,claudia.reyes7@educaciontech.mx,Claudia,Reyes,Colombia,Cali,Educación,877,77418261,VP of People,C-Level / VP,discovery,New Business,Outbound,,,Google,google_paid_display,marketing qualified lead,open,true,2,22
69,jorge.gonzalez12@saludtech.com,Jorge,González,Chile,Antofagasta,Salud,35,4492795,Benefits Coordinator,IC,decision maker engaged,New Business,Partnerships,10226,2026-01-28,LinkedIn,linkedin_paid_conversion,sales qualified lead,open deal,false,0,
70,eduardo.hernandez84@alimentaciongroup.co,Eduardo,Hernández,Colombia,Cartagena,Alimentación,2237,765209124,Benefits Coordinator,IC,approaching,New Business,Outbound,,,LinkedIn,linkedin_paid_retargeting,lead,open,true,1,12
71,nicolas.navarro82@educacionsolutions.co,Nicolás,Navarro,Argentina,Buenos Aires,Educación,74,9242147,People Operations Coordinator,IC,pilot,New Business,Inbound,8776,2024-12-23,Organic,organic_seo,opportunity,open deal,true,1,2
72,ricardo.jimenez21@gmail.com,Ricardo,Jiménez,Brasil,Curitiba,Construcción,227,62078390,HR Generalist,IC,prequalified,New Business,Partnerships,,,Referral,referral_organic,marketing qualified lead,in progress,false,0,
73,sergio.rodriguez72@finanzassa.cl,Sergio,Rodríguez,Perú,Arequipa,Finanzas,122,12887399,Co-Founder,C-Level / VP,discovery,New Business,Inbound,,,LinkedIn,linkedin_paid_retargeting,marketing qualified lead,in progress,false,0,
74,claudia.morales12@outlook.com,Claudia,Morales,España,Barcelona,Alimentación,16,4151392,HR Analyst,IC,discovery,New Business,Outbound,,,Organic,organic_seo,marketing qualified lead,open,false,0,
75,santiago.ramos6@logisticagroup.cl,Santiago,Ramos,Argentina,Buenos Aires,Logística,933,175264091,CTO,C-Level / VP,final negotiation,New Business,Enterprise,72365,2025-12-08,LinkedIn,linkedin_paid_retargeting,opportunity,open deal,true,4,36
76,vanessa.vargas63@outlook.com,Vanessa,Vargas,Brasil,São Paulo,Educación,1852,636082431,HR Director,Manager,decision maker engaged,New Business,Enterprise,19107,2026-09-10,Facebook,facebook_paid_retargeting,sales qualified lead,open deal,true,6,13
77,rodrigo.gomez87@gmail.com,Rodrigo,Gómez,Chile,Santiago,Manufactura,11,1281959,Chief People Officer,C-Level / VP,lost,New Business,Partnerships,19278,2024-06-24,Referral,referral_organic,lead,bad timing,true,1,20
78,diego.munoz75@retailtech.co,Diego,Muñoz,España,Valencia,Retail,274,11209395,Benefits Coordinator,IC,won,New Business,Inbound,10224,2026-02-06,Facebook,facebook_paid_lookalike,customer,open deal,true,6,11
79,pablo.cruz79@finanzascorp.com,Pablo,Cruz,México,Guadalajara,Finanzas,4206,628481140,Recruiter,IC,decision maker engaged,New Business,Enterprise,18866,2024-11-09,Event,event_demo_day,sales qualified lead,open deal,false,0,
80,andrea.morales6@outlook.com,Andrea,Morales,México,Puebla,Telecomunicaciones,29,4319780,HR Systems Architect,Technical,won,New Business,Inbound,8107,2024-04-29,Facebook,facebook_paid_lookalike,customer,open deal,true,7,6
81,laura.jimenez47@logisticatech.com.ar,Laura,Jiménez,Brasil,Curitiba,Logística,601,129251507,HR Business Partner,Manager,pilot,New Business,Outbound,10486,2024-10-16,Organic,organic_seo,opportunity,open deal,true,5,44
82,martin.castro9@saludtech.cl,Martín,Castro,Perú,Lima,Salud,179,12269317,COO,C-Level / VP,approaching,New Business,Inbound,,,Organic,organic_seo,lead,open,false,0,
83,rafael.rojas16@tecnologiagroup.com.ar,Rafael,Rojas,México,Ciudad de México,Tecnología,7290,460722570,Payroll Analyst,IC,pilot,New Business,Outbound,26240,2026-10-27,Organic,organic_seo,opportunity,open deal,true,2,43
84,eduardo.diaz65@alimentacionsolutions.co,Eduardo,Díaz,España,Bilbao,Alimentación,225,14361152,People Analytics Specialist,Technical,won,New Business,Outbound,7434,2024-08-10,LinkedIn,linkedin_paid_conversion,customer,open deal,true,5,2
85,paola.gonzalez9@gmail.com,Paola,González,Colombia,Bogotá,Telecomunicaciones,80,2293146,Talent Acquisition Specialist,IC,approaching,New Business,Partnerships,,,Referral,referral_organic,lead,open,false,0,
86,ana.aguilar2@finanzasinc.mx,Ana,Aguilar,Chile,Concepción,Finanzas,497,47717018,Employee Experience Manager,Manager,pilot,New Business,Partnerships,5455,2026-07-13,Instagram,instagram_paid_stories,opportunity,open deal,false,0,
87,carlos.vega10@gmail.com,Carlos,Vega,Argentina,Buenos Aires,Telecomunicaciones,144,4299490,HR Technology Consultant,Technical,pilot,New Business,Inbound,4778,2025-07-23,LinkedIn,linkedin_paid_awareness,opportunity,open deal,false,0,
88,valentina.ramos92@saludcorp.mx,Valentina,Ramos,Argentina,Tucumán,Salud,24,4330058,HR Generalist,IC,lead,New Business,Partnerships,,,Facebook,facebook_paid_prospecting,lead,open,false,0,
89,veronica.suarez65@outlook.com,Verónica,Suárez,Brasil,Porto Alegre,Salud,118,7216660,Workforce Manager,Manager,final negotiation,New Business,Partnerships,12118,2026-03-21,LinkedIn,linkedin_paid_conversion,opportunity,open deal,false,0,
90,javier.martinez69@gmail.com,Javier,Martínez,Brasil,Rio de Janeiro,Manufactura,356,65875744,Director General,C-Level / VP,final negotiation,New Business,Partnerships,34755,2024-07-22,Facebook,facebook_paid_prospecting,opportunity,open deal,true,2,3
91,camila.flores61@educacioninc.co,Camila,Flores,México,Monterrey,Educación,393,16910081,VP of Operations,C-Level / VP,champion engaged,New Business,Partnerships,28878,,Event,event_conference,sales qualified lead,open deal,true,5,41
92,ricardo.castro39@tecnologiasrl.mx,Ricardo,Castro,Chile,Antofagasta,Tecnología,452,73416828,Compensation & Benefits Manager,Manager,prequalified,New Business,Partnerships,,,Facebook,facebook_paid_retargeting,marketing qualified lead,open,false,0,
93,vanessa.navarro13@gmail.com,Vanessa,Navarro,España,Madrid,Tecnología,227,66104718,HRIS Specialist,Technical,champion engaged,New Business,Inbound,4502,,Google,google_paid_search,sales qualified lead,open deal,true,2,26
94,fernando.munoz33@gmail.com,Fernando,Muñoz,Colombia,Bogotá,Tecnología,488,69178693,Talent Acquisition Manager,Manager,pilot,New Business,Inbound,8840,2026-11-05,LinkedIn,linkedin_paid_conversion,opportunity,open deal,true,6,45
95,alejandro.diaz89@logisticasrl.com.ar,Alejandro,Díaz,España,Bilbao,Logística,31,2986338,People Operations Coordinator,IC,approaching,New Business,Outbound,,,Instagram,instagram_paid_reels,lead,new,false,0,
96,monica.gutierrez69@retailgroup.com,Monica,Gutiérrez,Argentina,Tucumán,Retail,160,9265304,Founder & CEO,C-Level / VP,approaching,New Business,Outbound,,,Facebook,facebook_paid_prospecting,lead,new,false,0,
97,miguel.rojas69@outlook.com,Miguel,Rojas,México,Puebla,Alimentación,30,4347373,Founder & CEO,C-Level / VP,discovery,New Business,Partnerships,,,LinkedIn,linkedin_paid_conversion,marketing qualified lead,open,true,4,43
98,paola.vargas4@saludtech.cl,Paola,Vargas,Brasil,Curitiba,Salud,456,13532973,Organizational Development Specialist,Technical,demo,New Business,Inbound,3821,,LinkedIn,linkedin_paid_conversion,sales qualified lead,open deal,true,4,10
99,roberto.vega38@telecomunicacionessrl.com,Roberto,Vega,México,Tijuana,Telecomunicaciones,704,197451426,HR Technology Consultant,Technical,discovery,New Business,Enterprise,,,Event,event_demo_day,marketing qualified lead,in progress,true,2,12
100,gabriela.herrera15@finanzasinc.com,Gabriela,Herrera,Argentina,Córdoba,Finanzas,42,1167139,HR Business Partner,Manager,won,New Business,Partnerships,5050,2024-11-15,Facebook,facebook_paid_prospecting,customer,open deal,true,8,36
101,hernan.alvarez16@educacionsolutions.co,Hernán,Álvarez,Argentina,Buenos Aires,Educación,931,74848616,People Manager,Manager,prequalified,New Business,Outbound,,,Instagram,instagram_paid_reels,marketing qualified lead,open,true,2,9
102,carolina.jimenez58@gmail.com,Carolina,Jiménez,México,Tijuana,Logística,7953,930699654,HR Manager,Manager,discovery,New Business,Outbound,,,LinkedIn,linkedin_paid_conversion,marketing qualified lead,in progress,false,0,
103,valeria.munoz77@educacioncorp.mx,Valeria,Muñoz,Argentina,Tucumán,Educación,252,25107844,Recruiter,IC,lead,New Business,Outbound,,,Facebook,facebook_paid_retargeting,lead,open,false,0,
104,martin.martinez82@logisticasa.co,Martín,Martínez,México,Monterrey,Logística,416,34140018,HR Generalist,IC,won,New Business,Partnerships,10593,2025-03-10,Referral,referral_organic,customer,open deal,true,2,18
105,patricia.gonzalez86@saludsrl.cl,Patricia,González,Argentina,Rosario,Salud,31,3328116,Organizational Development Specialist,Technical,final negotiation,New Business,Partnerships,5602,2025-11-04,Instagram,instagram_paid_stories,opportunity,open deal,false,0,
106,lucia.chavez25@saludcorp.co,Lucía,Chávez,Perú,Arequipa,Salud,797,140446570,HR Manager,Manager,demo,New Business,Outbound,16135,,LinkedIn,linkedin_paid_retargeting,sales qualified lead,open deal,false,0,
107,jimena.lopez44@outlook.com,Jimena,López,México,Guadalajara,Manufactura,197,5441884,CFO,C-Level / VP,prequalified,New Business,Partnerships,,,Referral,referral_organic,marketing qualified lead,open,true,3,40
108,monica.chavez82@gmail.com,Monica,Chávez,España,Madrid,Educación,408,15868498,HR Manager,Manager,won,New Business,Inbound,9602,2025-09-06,Google,google_paid_performance_max,customer,open deal,true,4,20
109,carlos.lopez50@manufacturatech.com,Carlos,López,Chile,Valparaíso,Manufactura,9171,293272492,Chief People Officer,C-Level / VP,prequalified,New Business,Outbound,,,Facebook,facebook_paid_lookalike,marketing qualified lead,in progress,false,0,
110,rafael.reyes81@outlook.com,Rafael,Reyes,México,Monterrey,Alimentación,286,58939375,People Operations Coordinator,IC,won,Expansion,Outbound,12771,2024-08-06,Google,google_paid_search,customer,open deal,true,4,10
111,jorge.munoz38@telecomunicacionessrl.com.ar,Jorge,Muñoz,Perú,Trujillo,Telecomunicaciones,248,33134958,CEO,C-Level / VP,discovery,New Business,Partnerships,,,LinkedIn,linkedin_paid_awareness,marketing qualified lead,in progress,false,0,
112,fernando.castro43@educacionsolutions.cl,Fernando,Castro,México,Tijuana,Educación,8293,716651495,Director General,C-Level / VP,won,New Business,Enterprise,41688,2024-06-29,Google,google_paid_performance_max,customer,open deal,true,1,29
113,rafael.cabrera97@tecnologiasrl.co,Rafael,Cabrera,Chile,Antofagasta,Tecnología,361,29479123,HR Analyst,IC,lost,New Business,Inbound,7298,2025-02-11,Referral,referral_organic,lead,bad timing,true,3,42
114,luis.cabrera72@educaciongroup.mx,Luis,Cabrera,Brasil,Curitiba,Educación,42,762633,People Operations Coordinator,IC,discovery,New Business,Partnerships,,,LinkedIn,linkedin_paid_retargeting,marketing qualified lead,open,false,0,
115,monica.flores75@outlook.com,Monica,Flores,Chile,Antofagasta,Educación,324,77271174,Compensation & Benefits Manager,Manager,lead,New Business,Outbound,,,Instagram,instagram_paid_reels,lead,new,false,0,
116,nicolas.castro67@telecomunicacionessa.co,Nicolás,Castro,Argentina,Rosario,Telecomunicaciones,20,3823724,Payroll Analyst,IC,approaching,New Business,Inbound,,,Facebook,facebook_paid_retargeting,lead,new,false,0,
117,agustin.aguilar69@telecomunicacionessrl.mx,Agustín,Aguilar,Chile,La Serena,Telecomunicaciones,6463,929093933,Training Manager,Manager,pilot,New Business,Outbound,16496,2024-04-07,Organic,organic_seo,opportunity,open deal,true,8,42
118,diego.rivera29@manufacturainc.com,Diego,Rivera,España,Sevilla,Manufactura,450,45180479,CFO,C-Level / VP,discovery,New Business,Outbound,,,Facebook,facebook_paid_retargeting,marketing qualified lead,in progress,false,0,
119,agustin.rivera46@educacioninc.com,Agustín,Rivera,Brasil,Porto Alegre,Educación,217,23722813,Organizational Development Specialist,Technical,approaching,New Business,Partnerships,,,Facebook,facebook_paid_prospecting,lead,new,false,0,
120,andrea.martinez12@manufacturacorp.cl,Andrea,Martínez,Brasil,São Paulo,Manufactura,316,51145080,Training Manager,Manager,won,New Business,Partnerships,13884,2024-10-14,Instagram,instagram_paid_reels,customer,open deal,true,1,20
121,martin.flores47@gmail.com,Martín,Flores,España,Madrid,Retail,351,50989954,HR Manager,Manager,approaching,New Business,Inbound,,,Google,google_paid_search,lead,new,false,0,
122,jimena.vega96@educaciontech.cl,Jimena,Vega,Colombia,Cali,Educación,333,28166551,Workforce Manager,Manager,pilot,New Business,Inbound,8471,2026-04-16,Organic,organic_seo,opportunity,open deal,true,7,16
123,pablo.fernandez18@gmail.com,Pablo,Fernández,Chile,Antofagasta,Telecomunicaciones,2521,115831018,Talent Acquisition Manager,Manager,final negotiation,New Business,Enterprise,44480,2024-04-09,Event,event_demo_day,opportunity,open deal,true,4,36
124,ana.ruiz92@saludtech.cl,Ana,Ruiz,España,Bilbao,Salud,70,18827432,Operations Manager,Manager,champion engaged,New Business,Partnerships,4561,,Instagram,instagram_paid_stories,sales qualified lead,open deal,false,0,
125,fernando.navarro89@manufacturagroup.mx,Fernando,Navarro,Chile,Concepción,Manufactura,244,20481377,HR Coordinator,IC,pilot,New Business,Partnerships,9113,2025-10-19,Instagram,instagram_paid_stories,opportunity,open deal,true,8,1
126,hernan.mendoza95@construcciongroup.mx,Hernán,Mendoza,Chile,Valparaíso,Construcción,201,10501167,Training Manager,Manager,prequalified,New Business,Partnerships,,,Organic,organic_seo,marketing qualified lead,open,false,0,
127,carolina.hernandez49@outlook.com,Carolina,Hernández,Argentina,Córdoba,Construcción,96,4073493,HR Manager,Manager,demo,New Business,Inbound,9988,,LinkedIn,linkedin_paid_retargeting,sales qualified lead,open deal,true,2,35
128,agustin.herrera46@saludsolutions.mx,Agustín,Herrera,Brasil,Curitiba,Salud,8416,187701713,HR Analyst,IC,approaching,New Business,Enterprise,,,Facebook,facebook_paid_lookalike,lead,new,false,0,
129,sofia.garcia22@finanzasinc.co,Sofía,García,Brasil,Belo Horizonte,Finanzas,482,12352728,Training Manager,Manager,won,New Business,Outbound,6051,2024-01-04,LinkedIn,linkedin_paid_conversion,customer,open deal,true,7,42
130,natalia.herrera91@gmail.com,Natalia,Herrera,Brasil,Rio de Janeiro,Telecomunicaciones,174,8610535,VP of Human Resources,C-Level / VP,champion engaged,New Business,Partnerships,31542,,LinkedIn,linkedin_paid_awareness,sales qualified lead,open deal,true,6,38
131,roberto.ramos7@gmail.com,Roberto,Ramos,Argentina,Rosario,Salud,3025,492537803,People Analytics Specialist,Technical,discovery,New Business,Outbound,,,Event,event_webinar,marketing qualified lead,in progress,false,0,
132,paola.diaz23@gmail.com,Paola,Díaz,Argentina,Rosario,Alimentación,68,12044713,Workforce Planning Analyst,Technical,won,Expansion,Outbound,12565,2024-04-25,Facebook,facebook_paid_lookalike,customer,open deal,true,7,19
133,diego.chavez21@saludcorp.com,Diego,Chávez,Chile,Antofagasta,Salud,431,10211125,Recruiter,IC,won,New Business,Partnerships,5703,2025-08-21,Instagram,instagram_paid_reels,customer,open deal,true,1,32
134,roberto.cabrera56@outlook.com,Roberto,Cabrera,Chile,La Serena,Logística,12,688216,Director General,C-Level / VP,final negotiation,New Business,Outbound,47985,2025-12-21,Instagram,instagram_paid_stories,opportunity,open deal,true,8,30
135,vanessa.cabrera66@finanzasinc.com,Vanessa,Cabrera,España,Valencia,Finanzas,228,58979110,HR Consultant,Technical,final negotiation,New Business,Partnerships,5863,2024-01-29,LinkedIn,linkedin_paid_retargeting,opportunity,open deal,true,6,33
136,florencia.diaz84@saludsolutions.mx,Florencia,Díaz,Brasil,Rio de Janeiro,Salud,138,11356222,VP of Operations,C-Level / VP,discovery,New Business,Outbound,,,LinkedIn,linkedin_paid_retargeting,marketing qualified lead,open,false,0,
137,fernando.vargas32@outlook.com,Fernando,Vargas,Colombia,Medellín,Logística,177,18390911,Talent Acquisition Specialist,IC,prequalified,New Business,Outbound,,,Event,event_webinar,marketing qualified lead,open,false,0,
138,laura.ruiz29@alimentacioninc.co,Laura,Ruiz,Chile,Concepción,Alimentación,43,4871074,HR Assistant,IC,won,Upsell,Partnerships,9282,2025-01-13,Event,event_demo_day,customer,open deal,true,8,12
139,lucia.herrera92@telecomunicacionesinc.cl,Lucía,Herrera,Perú,Chiclayo,Telecomunicaciones,153,14415839,Chief People Officer,C-Level / VP,lost,New Business,Inbound,60540,2024-10-10,Google,google_paid_performance_max,lead,bad timing,true,1,17
140,elena.herrera92@outlook.com,Elena,Herrera,Argentina,Rosario,Logística,8160,756286516,HR Director,Manager,champion engaged,New Business,Enterprise,12138,,Google,google_paid_search,sales qualified lead,open deal,false,0,
141,maria.gonzalez3@telecomunicacionestech.mx,María,González,Chile,La Serena,Telecomunicaciones,7905,580889466,HR Analyst,IC,lost,New Business,Outbound,29358,2026-08-11,Instagram,instagram_paid_feed,lead,unqualified,true,6,14
142,miguel.ortiz4@telecomunicacionessolutions.cl,Miguel,Ortiz,Brasil,São Paulo,Telecomunicaciones,2215,317926041,People Operations Coordinator,IC,lead,New Business,Enterprise,,,Facebook,facebook_paid_retargeting,lead,open,false,0,
143,jorge.munoz18@construccionsolutions.co,Jorge,Muñoz,Brasil,Porto Alegre,Construcción,330,23631519,Compensation & Benefits Manager,Manager,won,New Business,Inbound,10291,2025-01-06,Instagram,instagram_paid_feed,customer,open deal,true,5,14
144,ricardo.cabrera73@gmail.com,Ricardo,Cabrera,Argentina,Córdoba,Salud,30,2603866,Benefits Coordinator,IC,lost,New Business,Outbound,13860,2026-01-17,LinkedIn,linkedin_paid_awareness,lead,bad timing,true,5,39
145,sergio.rivera78@gmail.com,Sergio,Rivera,Perú,Lima,Tecnología,196,5775790,HR Manager,Manager,won,New Business,Inbound,13345,2026-10-05,Instagram,instagram_paid_feed,customer,open deal,false,0,
146,carolina.rojas5@outlook.com,Carolina,Rojas,España,Madrid,Manufactura,7586,259437417,People Operations Coordinator,IC,lost,New Business,Enterprise,43005,2026-10-08,Google,google_paid_search,lead,unqualified,true,8,15
147,camila.ramos63@telecomunicacionestech.mx,Camila,Ramos,España,Sevilla,Telecomunicaciones,462,28044730,HR Consultant,Technical,prequalified,New Business,Outbound,,,Instagram,instagram_paid_reels,marketing qualified lead,open,false,0,
148,lucia.hernandez39@educacionsolutions.cl,Lucía,Hernández,Perú,Trujillo,Educación,169,8411114,Talent Acquisition Specialist,IC,champion engaged,New Business,Inbound,8065,,Facebook,facebook_paid_retargeting,sales qualified lead,open deal,true,3,41
149,vanessa.suarez75@finanzassrl.co,Vanessa,Suárez,Perú,Arequipa,Finanzas,692,190467237,HR Manager,Manager,prequalified,New Business,Outbound,,,Event,event_demo_day,marketing qualified lead,in progress,false,0,
150,gustavo.rojas15@finanzasinc.co,Gustavo,Rojas,México,Puebla,Finanzas,3244,317814887,Talent Acquisition Manager,Manager,pilot,New Business,Enterprise,27762,2024-11-21,LinkedIn,linkedin_paid_retargeting,opportunity,open deal,true,2,18
151,lucia.ortiz25@gmail.com,Lucía,Ortiz,Argentina,Mendoza,Educación,154,9380925,HR Analyst,IC,demo,New Business,Inbound,5809,,Instagram,instagram_paid_reels,sales qualified lead,open deal,true,4,31
152,nicolas.flores3@gmail.com,Nicolás,Flores,Brasil,Curitiba,Logística,392,15803263,HR Analyst,IC,decision maker engaged,New Business,Outbound,4517,2024-06-05,Facebook,facebook_paid_retargeting,sales qualified lead,open deal,false,0,
153,miguel.fernandez93@manufacturagroup.co,Miguel,Fernández,Argentina,Rosario,Manufactura,691,149632985,Operations Manager,Manager,decision maker engaged,New Business,Enterprise,25360,2026-07-02,Facebook,facebook_paid_retargeting,sales qualified lead,open deal,true,1,20
154,rafael.lopez10@saludsa.co,Rafael,López,Argentina,Tucumán,Salud,355,55810392,People Manager,Manager,prequalified,New Business,Inbound,,,LinkedIn,linkedin_paid_retargeting,marketing qualified lead,in progress,false,0,
155,camila.rodriguez54@educacioncorp.com,Camila,Rodríguez,Argentina,Rosario,Educación,392,24541930,Operations Manager,Manager,decision maker engaged,New Business,Outbound,4402,2024-03-27,Instagram,instagram_paid_feed,sales qualified lead,open deal,false,0,
156,javier.navarro71@logisticasa.com,Javier,Navarro,España,Madrid,Logística,66,2394931,Benefits Coordinator,IC,prequalified,New Business,Outbound,,,Google,google_paid_display,marketing qualified lead,in progress,false,0,
157,javier.jimenez12@logisticainc.mx,Javier,Jiménez,Brasil,São Paulo,Logística,310,11266609,HR Manager,Manager,lead,New Business,Partnerships,,,Instagram,instagram_paid_stories,lead,open,false,0,
158,paola.perez74@finanzassrl.co,Paola,Pérez,Colombia,Bogotá,Finanzas,323,77198669,Talent Acquisition Manager,Manager,discovery,New Business,Outbound,,,Organic,organic_seo,marketing qualified lead,in progress,false,0,
159,gustavo.garcia55@tecnologiasolutions.co,Gustavo,García,México,Monterrey,Tecnología,19,1942213,Operations Manager,Manager,won,New Business,Inbound,11473,2026-05-07,Instagram,instagram_paid_stories,customer,open deal,true,3,32
160,florencia.rodriguez12@gmail.com,Florencia,Rodríguez,Brasil,Curitiba,Educación,19,864083,Training Manager,Manager,final negotiation,New Business,Inbound,12922,2024-11-25,LinkedIn,linkedin_paid_conversion,opportunity,open deal,true,3,4
161,sergio.alvarez13@finanzassolutions.com,Sergio,Álvarez,Argentina,Tucumán,Finanzas,314,31385722,Training Manager,Manager,won,New Business,Inbound,8996,2024-01-19,Instagram,instagram_paid_feed,customer,open deal,false,0,
162,veronica.perez97@tecnologiasa.com.ar,Verónica,Pérez,Brasil,Porto Alegre,Tecnología,22,3415641,Talent Acquisition Manager,Manager,won,New Business,Outbound,12943,2024-10-14,Google,google_paid_search,customer,open deal,true,3,7
163,santiago.martinez84@finanzasinc.com.ar,Santiago,Martínez,México,Puebla,Finanzas,672,130760409,Director General,C-Level / VP,decision maker engaged,New Business,Outbound,15635,2026-06-14,Referral,referral_organic,sales qualified lead,open deal,false,0,
164,vanessa.torres42@construccionsolutions.com.ar,Vanessa,Torres,Perú,Arequipa,Construcción,44,4103384,Talent Acquisition Specialist,IC,approaching,New Business,Partnerships,,,Instagram,instagram_paid_stories,lead,open,false,0,
165,elena.flores85@gmail.com,Elena,Flores,Argentina,Buenos Aires,Retail,376,45109553,Operations Manager,Manager,lost,New Business,Outbound,10940,2025-03-07,Google,google_paid_display,lead,unqualified,true,8,6
166,lucia.gonzalez47@logisticasrl.com.ar,Lucía,González,Chile,Santiago,Logística,9112,472613490,HR Generalist,IC,discovery,New Business,Outbound,,,Facebook,facebook_paid_lookalike,marketing qualified lead,open,true,2,37
167,daniela.lopez81@outlook.com,Daniela,López,México,Guadalajara,Construcción,84,11371316,HR Analyst,IC,lost,New Business,Inbound,13056,2024-06-30,Event,event_demo_day,lead,bad timing,true,5,36
168,pablo.martinez82@construccionsrl.cl,Pablo,Martínez,España,Valencia,Construcción,344,43438019,Compensation & Benefits Manager,Manager,demo,New Business,Partnerships,10460,,LinkedIn,linkedin_paid_awareness,sales qualified lead,open deal,true,5,34
169,martin.cabrera81@tecnologiasolutions.cl,Martín,Cabrera,México,Puebla,Tecnología,428,12224166,HR Director,Manager,pilot,New Business,Partnerships,7139,2025-08-08,Referral,referral_organic,opportunity,open deal,true,3,23
170,daniela.munoz20@outlook.com,Daniela,Muñoz,Chile,Valparaíso,Manufactura,259,35043815,Payroll Analyst,IC,won,New Business,Partnerships,8559,2024-09-13,Organic,organic_seo,customer,open deal,true,4,12
171,vanessa.ramos64@construccionsa.com.ar,Vanessa,Ramos,Argentina,Rosario,Construcción,35,4075705,Organizational Development Specialist,Technical,lead,New Business,Inbound,,,Organic,organic_seo,lead,new,false,0,
172,carlos.cruz85@telecomunicacionessolutions.mx,Carlos,Cruz,Argentina,Buenos Aires,Telecomunicaciones,155,7844449,HR Assistant,IC,lead,New Business,Inbound,,,Instagram,instagram_paid_reels,lead,open,false,0,
173,fernando.sanchez16@gmail.com,Fernando,Sánchez,Chile,Santiago,Finanzas,2214,847057120,HRIS Specialist,Technical,discovery,New Business,Enterprise,,,Referral,referral_organic,marketing qualified lead,in progress,false,0,
174,matias.cruz90@alimentaciontech.com,Matías,Cruz,Perú,Arequipa,Alimentación,364,63966980,Compensation & Benefits Manager,Manager,discovery,New Business,Outbound,,,Facebook,facebook_paid_retargeting,marketing qualified lead,in progress,true,4,8
175,javier.cabrera12@tecnologiacorp.com.ar,Javier,Cabrera,Argentina,Rosario,Tecnología,36,827867,CFO,C-Level / VP,decision maker engaged,New Business,Inbound,19299,2025-04-27,Facebook,facebook_paid_prospecting,sales qualified lead,open deal,false,0,
176,veronica.fernandez34@logisticasolutions.co,Verónica,Fernández,Argentina,Tucumán,Logística,440,72129932,HR Generalist,IC,champion engaged,New Business,Outbound,5643,,LinkedIn,linkedin_paid_conversion,sales qualified lead,open deal,true,3,9
177,natalia.vega93@gmail.com,Natalia,Vega,Argentina,Mendoza,Construcción,685,63284498,HR Manager,Manager,final negotiation,New Business,Outbound,26274,2025-12-04,LinkedIn,linkedin_paid_awareness,opportunity,open deal,true,4,5
178,luis.romero84@tecnologiasa.mx,Luis,Romero,Perú,Arequipa,Tecnología,390,42014094,CFO,C-Level / VP,discovery,New Business,Partnerships,,,LinkedIn,linkedin_paid_conversion,marketing qualified lead,open,false,0,
179,valeria.suarez12@educacionsa.com,Valeria,Suárez,España,Sevilla,Educación,176,9829085,Payroll Analyst,IC,approaching,New Business,Inbound,,,Google,google_paid_search,lead,new,false,0,
180,andres.fernandez55@outlook.com,Andrés,Fernández,España,Valencia,Educación,71,3689704,HR Director,Manager,demo,New Business,Partnerships,3746,,Google,google_paid_performance_max,sales qualified lead,open deal,false,0,
181,claudia.medina12@construccionsolutions.com,Claudia,Medina,Brasil,Curitiba,Construcción,20,2301290,CTO,C-Level / VP,discovery,New Business,Partnerships,,,LinkedIn,linkedin_paid_awareness,marketing qualified lead,open,true,2,38
182,vanessa.cruz60@construccionsolutions.cl,Vanessa,Cruz,Argentina,Mendoza,Construcción,7798,905452654,HR Assistant,IC,approaching,New Business,Enterprise,,,Event,event_conference,lead,open,true,2,7
183,jorge.herrera34@alimentacionsrl.mx,Jorge,Herrera,México,Guadalajara,Alimentación,31,2924745,Payroll Analyst,IC,pilot,New Business,Outbound,3586,2025-07-07,Instagram,instagram_paid_reels,opportunity,open deal,true,5,17
184,isabella.gomez83@telecomunicacionesgroup.com.ar,Isabella,Gómez,Perú,Arequipa,Telecomunicaciones,340,72360933,People Operations Coordinator,IC,prequalified,New Business,Partnerships,,,Instagram,instagram_paid_feed,marketing qualified lead,open,true,1,28
185,rodrigo.gutierrez45@educaciontech.com.ar,Rodrigo,Gutiérrez,Colombia,Cali,Educación,49,4454295,HR Assistant,IC,discovery,New Business,Partnerships,,,Instagram,instagram_paid_reels,marketing qualified lead,in progress,false,0,
186,elena.sanchez83@retailtech.com,Elena,Sánchez,España,Madrid,Retail,4867,415736971,Workforce Planning Analyst,Technical,discovery,New Business,Enterprise,,,Instagram,instagram_paid_stories,marketing qualified lead,in progress,false,0,
187,carlos.morales84@outlook.com,Carlos,Morales,México,Puebla,Construcción,852,128371196,HR Consultant,Technical,champion engaged,New Business,Outbound,16177,,Facebook,facebook_paid_lookalike,sales qualified lead,open deal,true,2,13
188,claudia.medina38@logisticasolutions.co,Claudia,Medina,Argentina,Tucumán,Logística,69,8151926,VP of Operations,C-Level / VP,final negotiation,New Business,Partnerships,38448,2025-06-29,LinkedIn,linkedin_paid_conversion,opportunity,open deal,true,4,10
189,javier.vargas39@logisticasolutions.co,Javier,Vargas,Brasil,Belo Horizonte,Logística,51,6701041,Co-Founder,C-Level / VP,won,New Business,Outbound,60385,2025-09-08,Facebook,facebook_paid_prospecting,customer,open deal,true,1,12
190,pablo.munoz82@outlook.com,Pablo,Muñoz,Perú,Chiclayo,Construcción,2506,435781419,HR Generalist,IC,final negotiation,New Business,Outbound,46420,2026-07-28,Google,google_paid_performance_max,opportunity,open deal,false,0,
191,jimena.munoz90@alimentaciongroup.com.ar,Jimena,Muñoz,Colombia,Cali,Alimentación,3064,781129924,Talent Acquisition Manager,Manager,lost,New Business,Enterprise,26108,2024-03-22,Instagram,instagram_paid_stories,lead,unqualified,true,8,42
192,pablo.herrera92@retailcorp.cl,Pablo,Herrera,Perú,Chiclayo,Retail,2295,959223904,Payroll Manager,Manager,lead,New Business,Outbound,,,Instagram,instagram_paid_reels,lead,open,false,0,
193,santiago.herrera25@finanzascorp.com,Santiago,Herrera,Argentina,Mendoza,Finanzas,380,36073806,Recruiter,IC,won,Expansion,Inbound,6090,2025-03-10,Google,google_paid_display,customer,open deal,true,5,39
194,roberto.ruiz56@gmail.com,Roberto,Ruiz,Brasil,Porto Alegre,Educación,162,11414874,HR Generalist,IC,won,New Business,Outbound,12997,2024-01-11,Facebook,facebook_paid_retargeting,customer,open deal,true,1,4
195,sergio.torres92@telecomunicacionessolutions.com.ar,Sergio,Torres,Perú,Piura,Telecomunicaciones,239,78133505,VP of People,C-Level / VP,lead,New Business,Outbound,,,Google,google_paid_display,lead,open,false,0,
196,rafael.rivera51@construccionsrl.com,Rafael,Rivera,Perú,Chiclayo,Construcción,268,32259695,Compensation & Benefits Manager,Manager,prequalified,New Business,Outbound,,,LinkedIn,linkedin_paid_retargeting,marketing qualified lead,open,true,1,30
197,valeria.herrera20@tecnologiainc.mx,Valeria,Herrera,Chile,Santiago,Tecnología,22,1941468,Benefits Coordinator,IC,decision maker engaged,New Business,Outbound,6685,2024-01-09,LinkedIn,linkedin_paid_awareness,sales qualified lead,open deal,true,1,35
198,pablo.hernandez63@manufacturagroup.com.ar,Pablo,Hernández,México,Guadalajara,Manufactura,460,40796959,HR Manager,Manager,discovery,New Business,Inbound,,,Google,google_paid_search,marketing qualified lead,in progress,false,0,
199,nicolas.alvarez96@tecnologiasolutions.com,Nicolás,Álvarez,Brasil,Belo Horizonte,Tecnología,5105,597430471,Employee Experience Manager,Manager,approaching,New Business,Outbound,,,Event,event_demo_day,lead,open,false,0,
200,alejandro.cruz47@gmail.com,Alejandro,Cruz,Argentina,Córdoba,Alimentación,12,1730043,VP of Human Resources,C-Level / VP,lost,New Business,Inbound,21584,2024-05-06,Google,google_paid_performance_max,lead,bad timing,true,2,33
201,diego.munoz2@educacioncorp.cl,Diego,Muñoz,Argentina,Tucumán,Educación,164,15052986,People Operations Coordinator,IC,prequalified,New Business,Outbound,,,Instagram,instagram_paid_feed,marketing qualified lead,in progress,false,0,
202,gabriela.torres36@retailinc.com,Gabriela,Torres,Argentina,Córdoba,Retail,174,16724959,HR Analyst,IC,decision maker engaged,New Business,Outbound,6829,2024-11-30,LinkedIn,linkedin_paid_conversion,sales qualified lead,open deal,false,0,
203,alejandro.martinez72@educacionsa.co,Alejandro,Martínez,España,Sevilla,Educación,729,121148146,Recruiter,IC,pilot,New Business,Outbound,4365,2025-04-30,Google,google_paid_search,opportunity,open deal,true,8,35
204,eduardo.suarez91@construccioncorp.cl,Eduardo,Suárez,Argentina,Córdoba,Construcción,281,50302163,People Operations Coordinator,IC,prequalified,New Business,Partnerships,,,Organic,organic_seo,marketing qualified lead,open,false,0,
205,ricardo.ramos68@alimentacionsrl.co,Ricardo,Ramos,Chile,Santiago,Alimentación,7316,223868970,HR Business Partner,Manager,lost,New Business,Outbound,22668,2025-06-11,Organic,organic_seo,lead,unqualified,true,1,4
206,alejandro.castro31@manufacturainc.com,Alejandro,Castro,México,Guadalajara,Manufactura,134,14829654,HR Director,Manager,champion engaged,New Business,Outbound,8816,,Referral,referral_organic,sales qualified lead,open deal,true,5,40
207,alejandro.gutierrez43@retailsolutions.mx,Alejandro,Gutiérrez,Colombia,Cali,Retail,91,8485616,People Operations Coordinator,IC,lead,New Business,Outbound,,,Google,google_paid_search,lead,open,false,0,
208,valentina.herrera43@gmail.com,Valentina,Herrera,Perú,Trujillo,Salud,974,110697931,HR Analyst,IC,prequalified,New Business,Enterprise,,,Facebook,facebook_paid_retargeting,marketing qualified lead,open,false,0,
209,elena.reyes61@gmail.com,Elena,Reyes,Colombia,Barranquilla,Tecnología,344,45436320,People Operations Manager,Manager,decision maker engaged,New Business,Inbound,10405,2024-09-19,Google,google_paid_search,sales qualified lead,open deal,false,0,
210,natalia.ruiz72@outlook.com,Natalia,Ruiz,Colombia,Cartagena,Finanzas,161,13662084,Operations Manager,Manager,lost,New Business,Outbound,8943,2026-10-09,Organic,organic_seo,lead,bad timing,true,5,30
211,sergio.torres86@manufacturacorp.cl,Sergio,Torres,Perú,Arequipa,Manufactura,16,703857,HR Analyst,IC,champion engaged,New Business,Partnerships,5518,,Facebook,facebook_paid_prospecting,sales qualified lead,open deal,false,0,
212,jimena.rivera27@retailsa.co,Jimena,Rivera,Brasil,Curitiba,Retail,418,63757915,COO,C-Level / VP,discovery,New Business,Partnerships,,,LinkedIn,linkedin_paid_retargeting,marketing qualified lead,in progress,false,0,
213,jorge.morales1@telecomunicacionessa.com,Jorge,Morales,Argentina,Córdoba,Telecomunicaciones,40,855835,HR Systems Architect,Technical,final negotiation,New Business,Partnerships,13804,2026-07-02,Instagram,instagram_paid_stories,opportunity,open deal,false,0,
214,lucia.romero34@outlook.com,Lucía,Romero,Argentina,Córdoba,Tecnología,263,14173121,CFO,C-Level / VP,lost,New Business,Partnerships,29400,2026-05-12,Organic,organic_seo,lead,unqualified,true,1,37
215,rafael.chavez97@outlook.com,Rafael,Chávez,Argentina,Rosario,Tecnología,3758,516001593,CFO,C-Level / VP,prequalified,New Business,Outbound,,,Organic,organic_seo,marketing qualified lead,in progress,true,1,36
216,andrea.lopez94@tecnologiatech.com.ar,Andrea,López,Chile,Valparaíso,Tecnología,2194,782866392,HR Generalist,IC,lead,New Business,Outbound,,,Facebook,facebook_paid_retargeting,lead,new,false,0,
217,miguel.cabrera55@telecomunicacionescorp.cl,Miguel,Cabrera,Colombia,Barranquilla,Telecomunicaciones,839,179413792,HR Coordinator,IC,pilot,New Business,Outbound,8856,2026-01-02,LinkedIn,linkedin_paid_conversion,opportunity,open deal,true,5,4
218,sofia.aguilar48@tecnologiatech.cl,Sofía,Aguilar,Perú,Lima,Tecnología,42,3639422,Operations Manager,Manager,discovery,New Business,Inbound,,,Event,event_demo_day,marketing qualified lead,in progress,false,0,
219,rodrigo.sanchez74@telecomunicacionessa.cl,Rodrigo,Sánchez,Argentina,Buenos Aires,Telecomunicaciones,7856,196136273,Talent Acquisition Manager,Manager,lead,New Business,Outbound,,,Instagram,instagram_paid_reels,lead,new,false,0,
220,claudia.medina46@tecnologiasolutions.mx,Claudia,Medina,Argentina,Tucumán,Tecnología,29,4661230,VP of Operations,C-Level / VP,champion engaged,New Business,Inbound,19393,,Google,google_paid_performance_max,sales qualified lead,open deal,true,6,5
221,pablo.reyes35@retailsrl.com.ar,Pablo,Reyes,México,Monterrey,Retail,135,17553828,People Analytics Specialist,Technical,prequalified,New Business,Partnerships,,,LinkedIn,linkedin_paid_awareness,marketing qualified lead,open,false,0,
222,alejandro.gutierrez68@saludsrl.cl,Alejandro,Gutiérrez,España,Sevilla,Salud,412,17034146,Talent Acquisition Manager,Manager,demo,New Business,Outbound,5930,,LinkedIn,linkedin_paid_retargeting,sales qualified lead,open deal,true,5,45
223,roberto.suarez97@outlook.com,Roberto,Suárez,Brasil,Curitiba,Alimentación,184,3185128,Talent Acquisition Manager,Manager,discovery,New Business,Inbound,,,Facebook,facebook_paid_prospecting,marketing qualified lead,open,false,0,
224,florencia.aguilar88@telecomunicacionessolutions.cl,Florencia,Aguilar,Perú,Trujillo,Telecomunicaciones,134,11526516,Payroll Analyst,IC,lead,New Business,Outbound,,,Referral,referral_organic,lead,open,false,0,
225,hernan.fernandez35@retailgroup.co,Hernán,Fernández,México,Monterrey,Retail,984,183770806,HR Director,Manager,lost,New Business,Outbound,25624,2026-07-08,Facebook,facebook_paid_retargeting,lead,bad timing,true,7,26
226,jimena.munoz71@outlook.com,Jimena,Muñoz,Argentina,Córdoba,Retail,462,15103215,Talent Acquisition Manager,Manager,discovery,New Business,Outbound,,,LinkedIn,linkedin_paid_conversion,marketing qualified lead,open,false,0,
227,vanessa.garcia31@outlook.com,Vanessa,García,México,Guadalajara,Logística,410,18722961,HR Systems Architect,Technical,won,New Business,Partnerships,6771,2024-09-27,Facebook,facebook_paid_retargeting,customer,open deal,true,2,44
228,veronica.suarez23@saludinc.cl,Verónica,Suárez,Colombia,Bogotá,Salud,969,50007282,Training Manager,Manager,decision maker engaged,New Business,Outbound,13399,2026-04-09,Facebook,facebook_paid_lookalike,sales qualified lead,open deal,false,0,
229,luis.vega51@gmail.com,Luis,Vega,México,Puebla,Educación,568,52595125,HR Director,Manager,demo,New Business,Outbound,28812,,LinkedIn,linkedin_paid_awareness,sales qualified lead,open deal,true,2,3
230,sofia.gonzalez59@finanzasinc.mx,Sofía,González,Brasil,Porto Alegre,Finanzas,2430,877207299,Talent Acquisition Manager,Manager,champion engaged,New Business,Enterprise,14405,,LinkedIn,linkedin_paid_awareness,sales qualified lead,open deal,false,0,
231,javier.perez66@alimentaciongroup.com.ar,Javier,Pérez,México,Ciudad de México,Alimentación,1440,973903399,HR Systems Architect,Technical,champion engaged,New Business,Outbound,19158,,LinkedIn,linkedin_paid_awareness,sales qualified lead,open deal,true,5,33
232,veronica.torres44@construccioncorp.mx,Verónica,Torres,Brasil,Curitiba,Construcción,43,3758774,Payroll Analyst,IC,won,New Business,Outbound,8818,2024-04-20,Google,google_paid_search,customer,open deal,true,1,14
233,valeria.garcia79@finanzasgroup.cl,Valeria,García,Perú,Trujillo,Finanzas,5793,803191908,HR Analyst,IC,won,Expansion,Enterprise,51696,2026-12-26,Facebook,facebook_paid_lookalike,customer,open deal,false,0,
234,eduardo.hernandez25@manufacturainc.mx,Eduardo,Hernández,Argentina,Tucumán,Manufactura,32,3694279,CFO,C-Level / VP,champion engaged,New Business,Outbound,28308,,Facebook,facebook_paid_retargeting,sales qualified lead,open deal,false,0,
235,daniela.aguilar68@outlook.com,Daniela,Aguilar,Chile,Concepción,Logística,981,115442759,HR Consultant,Technical,prequalified,New Business,Outbound,,,Referral,referral_organic,marketing qualified lead,in progress,false,0,
236,pablo.ortiz54@construcciontech.com,Pablo,Ortiz,Brasil,Belo Horizonte,Construcción,699,144408168,HR Consultant,Technical,approaching,New Business,Outbound,,,Instagram,instagram_paid_feed,lead,new,false,0,
237,sofia.flores89@manufacturatech.com.ar,Sofía,Flores,Chile,Antofagasta,Manufactura,23,1476041,COO,C-Level / VP,demo,New Business,Partnerships,18780,,LinkedIn,linkedin_paid_awareness,sales qualified lead,open deal,true,2,32
238,agustin.cabrera22@tecnologiagroup.co,Agustín,Cabrera,Colombia,Cali,Tecnología,2666,630901466,VP of People,C-Level / VP,demo,New Business,Outbound,58817,,LinkedIn,linkedin_paid_awareness,sales qualified lead,open deal,false,0,
239,roberto.martinez87@outlook.com,Roberto,Martínez,España,Madrid,Finanzas,100,5418381,People Manager,Manager,lost,New Business,Outbound,8543,2024-07-17,Google,google_paid_performance_max,lead,bad timing,true,4,11
240,sofia.rodriguez14@outlook.com,Sofía,Rodríguez,Perú,Piura,Finanzas,418,34229373,Talent Acquisition Manager,Manager,approaching,New Business,Partnerships,,,Google,google_paid_display,lead,new,false,0,
241,nicolas.navarro84@telecomunicacionessrl.cl,Nicolás,Navarro,Colombia,Barranquilla,Telecomunicaciones,144,2558251,HR Consultant,Technical,discovery,New Business,Partnerships,,,Instagram,instagram_paid_reels,marketing qualified lead,open,true,3,25
242,alejandro.diaz31@telecomunicacionesinc.cl,Alejandro,Díaz,Argentina,Córdoba,Telecomunicaciones,23,2712814,Recruiter,IC,won,New Business,Outbound,5993,2026-12-19,Organic,organic_seo,customer,open deal,true,3,29
243,claudia.chavez19@alimentacionsrl.mx,Claudia,Chávez,Colombia,Bogotá,Alimentación,19,647898,Workforce Planning Analyst,Technical,final negotiation,New Business,Inbound,12081,2025-06-20,LinkedIn,linkedin_paid_awareness,opportunity,open deal,true,2,21
244,diego.jimenez66@educacionsrl.cl,Diego,Jiménez,Argentina,Rosario,Educación,48,3234748,Talent Acquisition Manager,Manager,won,Upsell,Outbound,5563,2025-09-04,Google,google_paid_performance_max,customer,open deal,true,6,36
245,valentina.ruiz93@logisticasolutions.mx,Valentina,Ruiz,México,Monterrey,Logística,1362,891762375,HR Business Partner,Manager,demo,New Business,Outbound,14419,,Google,google_paid_performance_max,sales qualified lead,open deal,false,0,
246,rodrigo.munoz20@logisticagroup.cl,Rodrigo,Muñoz,España,Valencia,Logística,4814,351477155,Payroll Analyst,IC,demo,New Business,Enterprise,18001,,LinkedIn,linkedin_paid_awareness,sales qualified lead,open deal,false,0,
247,hernan.sanchez71@retailgroup.cl,Hernán,Sánchez,Perú,Piura,Retail,379,10025864,HR Coordinator,IC,demo,New Business,Partnerships,7749,,Event,event_demo_day,sales qualified lead,open deal,true,1,32
248,luis.rojas50@saludtech.mx,Luis,Rojas,México,Monterrey,Salud,990,100308354,Talent Acquisition Manager,Manager,prequalified,New Business,Outbound,,,Facebook,facebook_paid_prospecting,marketing qualified lead,open,false,0,
249,paola.cruz5@manufacturasolutions.co,Paola,Cruz,México,Guadalajara,Manufactura,40,2160828,Payroll Analyst,IC,decision maker engaged,New Business,Inbound,6873,2025-08-05,Event,event_demo_day,sales qualified lead,open deal,true,7,14
250,matias.gomez93@gmail.com,Matías,Gómez,España,Madrid,Construcción,92,16688126,Employee Experience Manager,Manager,approaching,New Business,Outbound,,,LinkedIn,linkedin_paid_retargeting,lead,open,true,1,15
251,rodrigo.martinez62@tecnologiasa.com,Rodrigo,Martínez,Brasil,Porto Alegre,Tecnología,451,78245460,HRIS Specialist,Technical,approaching,New Business,Inbound,,,Google,google_paid_search,lead,open,false,0,
252,jimena.vega79@telecomunicacionestech.mx,Jimena,Vega,Perú,Piura,Telecomunicaciones,62,18893951,People Operations Coordinator,IC,demo,New Business,Inbound,9108,,Google,google_paid_performance_max,sales qualified lead,open deal,false,0,
253,roberto.ramos55@gmail.com,Roberto,Ramos,México,Ciudad de México,Salud,8832,177311143,HR Systems Architect,Technical,pilot,New Business,Outbound,21951,2024-03-13,Google,google_paid_search,opportunity,open deal,true,5,26
254,eduardo.ramos56@saludtech.com,Eduardo,Ramos,Perú,Piura,Salud,3973,715941203,Employee Experience Manager,Manager,discovery,New Business,Outbound,,,Organic,organic_seo,marketing qualified lead,in progress,false,0,
255,miguel.cabrera47@alimentacionsolutions.com,Miguel,Cabrera,Argentina,Córdoba,Alimentación,117,11488964,HR Technology Consultant,Technical,discovery,New Business,Inbound,,,Facebook,facebook_paid_lookalike,marketing qualified lead,open,true,2,41
256,martin.lopez27@retailsa.cl,Martín,López,Perú,Chiclayo,Retail,829,160411109,Benefits Coordinator,IC,approaching,New Business,Enterprise,,,Organic,organic_seo,lead,new,false,0,
257,hernan.ortiz43@educaciongroup.com,Hernán,Ortiz,España,Sevilla,Educación,438,13754952,VP of Operations,C-Level / VP,pilot,New Business,Outbound,14274,2024-12-21,Referral,referral_organic,opportunity,open deal,true,1,44
258,carolina.vargas95@manufacturagroup.mx,Carolina,Vargas,México,Ciudad de México,Manufactura,48,3880281,Benefits Coordinator,IC,decision maker engaged,New Business,Inbound,9364,2024-10-10,LinkedIn,linkedin_paid_awareness,sales qualified lead,open deal,true,1,22
259,valeria.gonzalez85@retailcorp.mx,Valeria,González,España,Madrid,Retail,38,4461767,HR Analyst,IC,lead,New Business,Outbound,,,Facebook,facebook_paid_lookalike,lead,open,false,0,
260,claudia.gonzalez25@outlook.com,Claudia,González,Chile,La Serena,Manufactura,50,5296731,Training Manager,Manager,discovery,New Business,Outbound,,,Referral,referral_organic,marketing qualified lead,in progress,false,0,
261,alejandro.diaz22@logisticacorp.mx,Alejandro,Díaz,Colombia,Medellín,Logística,47,4646653,VP of Operations,C-Level / VP,decision maker engaged,New Business,Inbound,31990,2024-02-01,Google,google_paid_display,sales qualified lead,open deal,false,0,
262,elena.flores17@retailsolutions.co,Elena,Flores,Brasil,Porto Alegre,Retail,877,85394078,Recruiter,IC,won,New Business,Outbound,34740,2025-12-18,LinkedIn,linkedin_paid_conversion,customer,open deal,true,4,27
263,matias.munoz67@tecnologiagroup.mx,Matías,Muñoz,Perú,Trujillo,Tecnología,6082,130264270,Talent Acquisition Manager,Manager,demo,New Business,Enterprise,21729,,Event,event_webinar,sales qualified lead,open deal,true,4,20
264,hernan.gutierrez67@finanzassrl.co,Hernán,Gutiérrez,Chile,Santiago,Finanzas,70,6979483,HR Manager,Manager,lost,New Business,Inbound,8426,2026-12-12,LinkedIn,linkedin_paid_awareness,lead,unqualified,true,3,25
265,eduardo.ruiz48@tecnologiasolutions.cl,Eduardo,Ruiz,Brasil,Belo Horizonte,Tecnología,244,15942298,HR Manager,Manager,discovery,New Business,Inbound,,,Google,google_paid_performance_max,marketing qualified lead,in progress,true,3,15
266,jorge.gomez94@finanzassa.co,Jorge,Gómez,Argentina,Tucumán,Finanzas,278,22249104,People Manager,Manager,demo,New Business,Inbound,5411,,LinkedIn,linkedin_paid_awareness,sales qualified lead,open deal,false,0,
267,jorge.cruz59@outlook.com,Jorge,Cruz,España,Valencia,Alimentación,115,17697681,HR Generalist,IC,final negotiation,New Business,Inbound,9608,2024-09-17,LinkedIn,linkedin_paid_conversion,opportunity,open deal,true,8,41
268,jimena.alvarez2@saludtech.mx,Jimena,Álvarez,Argentina,Córdoba,Salud,2289,401292167,Payroll Analyst,IC,lost,New Business,Outbound,38244,2026-07-06,Instagram,instagram_paid_reels,lead,bad timing,false,0,
269,jimena.rodriguez15@gmail.com,Jimena,Rodríguez,España,Barcelona,Salud,701,189279500,HR Coordinator,IC,approaching,New Business,Enterprise,,,Facebook,facebook_paid_lookalike,lead,new,true,1,40
270,ricardo.castro56@retailgroup.co,Ricardo,Castro,Argentina,Córdoba,Retail,9597,125525085,Workforce Planning Analyst,Technical,lost,New Business,Enterprise,20060,2025-05-09,Facebook,facebook_paid_prospecting,lead,bad timing,true,2,42
271,roberto.castro22@saludsolutions.com,Roberto,Castro,Argentina,Tucumán,Salud,65,7812968,Payroll Manager,Manager,approaching,New Business,Inbound,,,Facebook,facebook_paid_retargeting,lead,open,false,0,
272,lucia.fernandez74@tecnologiasa.cl,Lucía,Fernández,España,Bilbao,Tecnología,648,122895771,HR Technology Consultant,Technical,approaching,New Business,Outbound,,,Google,google_paid_search,lead,new,false,0,
273,valentina.jimenez92@tecnologiacorp.com,Valentina,Jiménez,Perú,Piura,Tecnología,32,3811571,Chief People Officer,C-Level / VP,demo,New Business,Partnerships,24297,,LinkedIn,linkedin_paid_awareness,sales qualified lead,open deal,true,3,24
274,natalia.cruz23@manufacturatech.cl,Natalia,Cruz,Chile,La Serena,Manufactura,28,2613149,People Operations Manager,Manager,lead,New Business,Outbound,,,Google,google_paid_performance_max,lead,open,false,0,
275,carolina.rodriguez36@educaciontech.mx,Carolina,Rodríguez,Colombia,Medellín,Educación,513,99425993,Benefits Coordinator,IC,prequalified,New Business,Enterprise,,,Facebook,facebook_paid_retargeting,marketing qualified lead,open,false,0,
276,luis.diaz47@telecomunicacionessa.com.ar,Luis,Díaz,Colombia,Medellín,Telecomunicaciones,8374,931868542,HR Generalist,IC,demo,New Business,Outbound,10655,,Instagram,instagram_paid_reels,sales qualified lead,open deal,false,0,
277,eduardo.cabrera74@outlook.com,Eduardo,Cabrera,Brasil,Porto Alegre,Retail,38,3372220,VP of People,C-Level / VP,lost,New Business,Inbound,33508,2024-10-16,Instagram,instagram_paid_stories,lead,unqualified,true,3,37
278,nicolas.ramirez85@gmail.com,Nicolás,Ramírez,España,Valencia,Telecomunicaciones,106,14923591,HR Consultant,Technical,final negotiation,New Business,Partnerships,14582,2024-06-07,LinkedIn,linkedin_paid_retargeting,opportunity,open deal,true,7,5
279,rodrigo.alvarez50@retailtech.cl,Rodrigo,Álvarez,Colombia,Bogotá,Retail,142,9394594,HR Coordinator,IC,approaching,New Business,Outbound,,,Google,google_paid_search,lead,new,true,1,15
280,camila.jimenez14@alimentacioncorp.cl,Camila,Jiménez,España,Bilbao,Alimentación,310,27829410,HR Generalist,IC,prequalified,New Business,Inbound,,,Facebook,facebook_paid_prospecting,marketing qualified lead,open,true,2,3
281,javier.cabrera3@educacionsa.co,Javier,Cabrera,México,Puebla,Educación,125,13767722,HR Assistant,IC,demo,New Business,Outbound,8116,,Facebook,facebook_paid_prospecting,sales qualified lead,open deal,false,0,
282,isabella.jimenez4@construccionsrl.com.ar,Isabella,Jiménez,Argentina,Buenos Aires,Construcción,749,77301518,HR Generalist,IC,prequalified,New Business,Outbound,,,Instagram,instagram_paid_stories,marketing qualified lead,open,false,0,
283,lucia.diaz55@outlook.com,Lucía,Díaz,España,Bilbao,Alimentación,125,11987618,VP of Human Resources,C-Level / VP,won,New Business,Partnerships,23932,2024-04-02,Facebook,facebook_paid_retargeting,customer,open deal,false,0,
284,javier.fernandez6@telecomunicacionesinc.mx,Javier,Fernández,Brasil,Belo Horizonte,Telecomunicaciones,152,4107653,Recruiter,IC,lost,New Business,Partnerships,12984,2025-03-20,Organic,organic_seo,lead,bad timing,true,7,32
285,veronica.rojas18@manufacturasa.com,Verónica,Rojas,Argentina,Buenos Aires,Manufactura,380,59135799,Benefits Coordinator,IC,won,New Business,Partnerships,7590,2025-02-13,Facebook,facebook_paid_lookalike,customer,open deal,true,1,30
286,ana.mendoza42@tecnologiasrl.com,Ana,Mendoza,España,Madrid,Tecnología,16,1739944,Compensation & Benefits Manager,Manager,discovery,New Business,Outbound,,,Google,google_paid_display,marketing qualified lead,open,false,0,
287,claudia.flores45@logisticasolutions.com.ar,Claudia,Flores,Colombia,Bogotá,Logística,438,59947071,HR Director,Manager,pilot,New Business,Inbound,8962,2024-09-03,Facebook,facebook_paid_lookalike,opportunity,open deal,true,2,25
288,carolina.navarro35@outlook.com,Carolina,Navarro,Perú,Lima,Finanzas,140,18080672,Training Manager,Manager,discovery,New Business,Outbound,,,Instagram,instagram_paid_feed,marketing qualified lead,open,false,0,
289,diego.gonzalez78@saludinc.mx,Diego,González,México,Guadalajara,Salud,290,11884212,Chief People Officer,C-Level / VP,discovery,New Business,Inbound,,,Referral,referral_organic,marketing qualified lead,in progress,false,0,
290,claudia.fernandez76@logisticagroup.co,Claudia,Fernández,Argentina,Mendoza,Logística,379,69709401,Founder & CEO,C-Level / VP,final negotiation,New Business,Partnerships,16214,2026-04-24,LinkedIn,linkedin_paid_conversion,opportunity,open deal,true,6,21
291,miguel.romero93@alimentaciongroup.com,Miguel,Romero,Argentina,Rosario,Alimentación,856,90901098,VP of Human Resources,C-Level / VP,prequalified,New Business,Outbound,,,LinkedIn,linkedin_paid_awareness,marketing qualified lead,open,false,0,
292,elena.rodriguez72@retailsa.mx,Elena,Rodríguez,Perú,Chiclayo,Retail,232,63235876,Founder & CEO,C-Level / VP,champion engaged,New Business,Outbound,26446,,Referral,referral_organic,sales qualified lead,open deal,true,3,11
293,luis.garcia75@construcciontech.mx,Luis,García,Brasil,Belo Horizonte,Construcción,2173,417621037,Benefits Coordinator,IC,champion engaged,New Business,Enterprise,16468,,LinkedIn,linkedin_paid_conversion,sales qualified lead,open deal,true,3,24
294,luis.romero97@construccionsolutions.com,Luis,Romero,Brasil,Belo Horizonte,Construcción,274,74115248,Workforce Manager,Manager,won,New Business,Inbound,5304,2024-01-06,Facebook,facebook_paid_prospecting,customer,open deal,true,1,7
295,fernando.castro40@retailcorp.cl,Fernando,Castro,México,Ciudad de México,Retail,987,142187861,Director General,C-Level / VP,pilot,New Business,Outbound,23528,2025-05-14,LinkedIn,linkedin_paid_conversion,opportunity,open deal,true,3,30
296,jimena.gutierrez3@gmail.com,Jimena,Gutiérrez,Argentina,Rosario,Finanzas,5131,639966446,Talent Acquisition Manager,Manager,prequalified,New Business,Enterprise,,,Facebook,facebook_paid_lookalike,marketing qualified lead,in progress,false,0,
297,carlos.lopez39@construcciontech.mx,Carlos,López,Argentina,Tucumán,Construcción,165,17389195,Payroll Manager,Manager,discovery,New Business,Inbound,,,Google,google_paid_display,marketing qualified lead,in progress,false,0,
298,maria.rivera7@retailsrl.cl,María,Rivera,Perú,Arequipa,Retail,464,25705310,HR Business Partner,Manager,lost,New Business,Inbound,13375,2026-07-03,LinkedIn,linkedin_paid_retargeting,lead,unqualified,true,8,42
299,jorge.aguilar11@saludsolutions.co,Jorge,Aguilar,Brasil,São Paulo,Salud,471,62037299,Employee Experience Manager,Manager,won,Expansion,Outbound,5798,2025-01-31,Facebook,facebook_paid_lookalike,customer,open deal,true,1,14
300,valentina.perez61@finanzascorp.mx,Valentina,Pérez,Argentina,Rosario,Finanzas,194,15491200,HR Systems Architect,Technical,pilot,New Business,Outbound,7992,2025-02-17,Instagram,instagram_paid_reels,opportunity,open deal,true,6,40
301,rodrigo.gonzalez61@gmail.com,Rodrigo,González,México,Ciudad de México,Educación,169,19917548,CTO,C-Level / VP,won,New Business,Partnerships,36200,2024-07-29,Instagram,instagram_paid_feed,customer,open deal,true,7,14
302,carlos.rivera75@alimentaciongroup.co,Carlos,Rivera,Perú,Arequipa,Alimentación,923,78987263,HR Generalist,IC,decision maker engaged,New Business,Enterprise,4045,2024-08-31,Facebook,facebook_paid_lookalike,sales qualified lead,open deal,false,0,
303,andres.vargas23@telecomunicacionescorp.mx,Andrés,Vargas,Colombia,Bogotá,Telecomunicaciones,136,16324805,People Operations Manager,Manager,prequalified,New Business,Outbound,,,Organic,organic_seo,marketing qualified lead,in progress,true,1,35
304,laura.ruiz21@retailsolutions.com.ar,Laura,Ruiz,Colombia,Bogotá,Retail,910,84177322,Talent Acquisition Specialist,IC,decision maker engaged,New Business,Outbound,6868,2026-02-21,Event,event_conference,sales qualified lead,open deal,true,2,44
305,jorge.cruz41@retailinc.cl,Jorge,Cruz,Perú,Piura,Retail,22,4829330,Director General,C-Level / VP,decision maker engaged,New Business,Inbound,26271,2025-11-28,LinkedIn,linkedin_paid_retargeting,sales qualified lead,open deal,false,0,
306,roberto.herrera54@gmail.com,Roberto,Herrera,Chile,La Serena,Educación,67,4770483,Recruiter,IC,demo,New Business,Inbound,9320,,Facebook,facebook_paid_prospecting,sales qualified lead,open deal,true,1,22
307,paola.ramos62@alimentaciongroup.com.ar,Paola,Ramos,Brasil,Rio de Janeiro,Alimentación,32,1695645,HR Assistant,IC,prequalified,New Business,Partnerships,,,Google,google_paid_search,marketing qualified lead,open,true,2,38
308,jorge.gutierrez91@outlook.com,Jorge,Gutiérrez,Colombia,Bogotá,Educación,6179,620496910,Founder & CEO,C-Level / VP,demo,New Business,Outbound,76967,,LinkedIn,linkedin_paid_conversion,sales qualified lead,open deal,false,0,
309,gabriela.sanchez58@saludgroup.cl,Gabriela,Sánchez,Argentina,Mendoza,Salud,8863,842126356,CHRO,C-Level / VP,demo,New Business,Outbound,74984,,LinkedIn,linkedin_paid_conversion,sales qualified lead,open deal,true,1,38
310,sofia.perez67@retailgroup.com,Sofía,Pérez,Brasil,Belo Horizonte,Retail,147,17360113,Co-Founder,C-Level / VP,discovery,New Business,Outbound,,,Referral,referral_organic,marketing qualified lead,in progress,true,1,3
311,daniela.medina35@gmail.com,Daniela,Medina,España,Madrid,Salud,7657,487046326,CEO,C-Level / VP,champion engaged,New Business,Enterprise,113994,,Google,google_paid_display,sales qualified lead,open deal,false,0,
312,claudia.diaz54@tecnologiasolutions.co,Claudia,Díaz,México,Guadalajara,Tecnología,224,26984120,CFO,C-Level / VP,champion engaged,New Business,Outbound,13694,,Referral,referral_organic,sales qualified lead,open deal,false,0,
313,maria.aguilar47@educaciongroup.cl,María,Aguilar,Chile,Santiago,Educación,295,73275690,HR Assistant,IC,lead,New Business,Partnerships,,,Facebook,facebook_paid_lookalike,lead,new,false,0,
314,roberto.diaz28@educacioninc.co,Roberto,Díaz,México,Puebla,Educación,388,28075535,Training Manager,Manager,discovery,New Business,Outbound,,,LinkedIn,linkedin_paid_awareness,marketing qualified lead,open,false,0,
315,patricia.diaz3@educacionsa.com,Patricia,Díaz,Brasil,Porto Alegre,Educación,348,19219855,HR Generalist,IC,won,New Business,Outbound,10262,2025-09-25,Instagram,instagram_paid_stories,customer,open deal,true,3,33
316,miguel.martinez74@manufacturasolutions.com,Miguel,Martínez,España,Madrid,Manufactura,218,66987179,People Operations Coordinator,IC,lead,New Business,Outbound,,,Google,google_paid_performance_max,lead,open,false,0,
317,javier.morales39@logisticasrl.com.ar,Javier,Morales,Colombia,Bogotá,Logística,14,2655467,People Operations Coordinator,IC,lost,New Business,Outbound,7561,2024-04-08,Referral,referral_organic,lead,unqualified,true,6,13
318,andres.fernandez15@manufacturacorp.co,Andrés,Fernández,Chile,Antofagasta,Manufactura,472,38975262,Benefits Coordinator,IC,champion engaged,New Business,Outbound,8915,,Instagram,instagram_paid_stories,sales qualified lead,open deal,true,2,39
319,sergio.vega72@logisticatech.mx,Sergio,Vega,España,Sevilla,Logística,481,64941033,People Manager,Manager,approaching,New Business,Partnerships,,,Google,google_paid_search,lead,new,false,0,
320,daniela.ramos65@alimentacionsa.mx,Daniela,Ramos,Colombia,Cali,Alimentación,199,18969245,People Operations Manager,Manager,demo,New Business,Partnerships,3929,,LinkedIn,linkedin_paid_awareness,sales qualified lead,open deal,false,0,
321,maria.rodriguez25@construccioninc.cl,María,Rodríguez,México,Ciudad de México,Construcción,8213,692345765,People Operations Manager,Manager,prequalified,New Business,Outbound,,,Google,google_paid_display,marketing qualified lead,in progress,false,0,
322,matias.vargas64@retailgroup.com.ar,Matías,Vargas,Brasil,Porto Alegre,Retail,48,3250331,Director General,C-Level / VP,approaching,New Business,Inbound,,,Organic,organic_seo,lead,new,true,2,12
323,javier.navarro15@tecnologiagroup.co,Javier,Navarro,Perú,Arequipa,Tecnología,468,38426460,Chief People Officer,C-Level / VP,champion engaged,New Business,Inbound,15263,,LinkedIn,linkedin_paid_retargeting,sales qualified lead,open deal,true,6,39
324,lucia.ramirez84@saludsa.com,Lucía,Ramírez,Argentina,Buenos Aires,Salud,167,2721210,People Operations Coordinator,IC,champion engaged,New Business,Partnerships,10137,,Facebook,facebook_paid_prospecting,sales qualified lead,open deal,true,5,42
325,jorge.hernandez17@telecomunicacionescorp.mx,Jorge,Hernández,Argentina,Córdoba,Telecomunicaciones,33,3340829,People Operations Coordinator,IC,demo,New Business,Inbound,10130,,Instagram,instagram_paid_feed,sales qualified lead,open deal,true,1,38
326,maria.cabrera51@retailtech.co,María,Cabrera,Perú,Arequipa,Retail,8695,931241456,Operations Manager,Manager,discovery,New Business,Outbound,,,Instagram,instagram_paid_feed,marketing qualified lead,in progress,false,0,
327,ricardo.navarro27@manufacturacorp.com.ar,Ricardo,Navarro,México,Puebla,Manufactura,489,62109737,Talent Acquisition Manager,Manager,prequalified,New Business,Outbound,,,Facebook,facebook_paid_retargeting,marketing qualified lead,in progress,true,2,26
328,miguel.aguilar68@telecomunicacionesinc.mx,Miguel,Aguilar,México,Tijuana,Telecomunicaciones,8724,555171997,HR Coordinator,IC,demo,New Business,Outbound,10755,,Organic,organic_seo,sales qualified lead,open deal,false,0,
329,ricardo.aguilar68@alimentacionsrl.mx,Ricardo,Aguilar,Chile,Santiago,Alimentación,7556,500066297,Benefits Coordinator,IC,champion engaged,New Business,Enterprise,10553,,LinkedIn,linkedin_paid_conversion,sales qualified lead,open deal,true,4,9
330,carlos.mendoza7@manufacturacorp.mx,Carlos,Mendoza,Chile,La Serena,Manufactura,30,2993276,Director General,C-Level / VP,approaching,New Business,Inbound,,,Organic,organic_seo,lead,new,false,0,
331,camila.gonzalez98@tecnologiatech.co,Camila,González,Brasil,São Paulo,Tecnología,370,40483187,HR Analyst,IC,won,Expansion,Outbound,7339,2025-06-13,Facebook,facebook_paid_prospecting,customer,open deal,true,2,5
332,maria.cabrera39@educacioninc.mx,María,Cabrera,Chile,La Serena,Educación,159,15197448,HR Generalist,IC,won,New Business,Partnerships,8227,2026-06-03,Instagram,instagram_paid_stories,customer,open deal,true,8,18
333,jorge.torres89@retailtech.co,Jorge,Torres,España,Barcelona,Retail,6788,479979018,Recruiter,IC,champion engaged,New Business,Outbound,11934,,Referral,referral_organic,sales qualified lead,open deal,true,5,39
334,javier.romero71@educaciontech.com,Javier,Romero,Brasil,Rio de Janeiro,Educación,2096,384991973,CHRO,C-Level / VP,lost,New Business,Outbound,74320,2026-04-08,Instagram,instagram_paid_feed,lead,bad timing,true,7,27
335,ricardo.diaz68@alimentacioninc.com,Ricardo,Díaz,Brasil,Belo Horizonte,Alimentación,168,16551991,Employee Experience Manager,Manager,champion engaged,New Business,Outbound,9621,,Organic,organic_seo,sales qualified lead,open deal,false,0,
336,fernando.lopez74@manufacturacorp.mx,Fernando,López,España,Valencia,Manufactura,2744,731311050,Employee Experience Manager,Manager,approaching,New Business,Outbound,,,Referral,referral_organic,lead,open,true,1,28
337,isabella.torres68@manufacturasolutions.com.ar,Isabella,Torres,Perú,Trujillo,Manufactura,553,188689684,Operations Manager,Manager,decision maker engaged,New Business,Enterprise,21080,2024-06-28,LinkedIn,linkedin_paid_conversion,sales qualified lead,open deal,false,0,
338,monica.lopez72@gmail.com,Monica,López,Chile,Valparaíso,Tecnología,53,3298230,HR Analyst,IC,lead,New Business,Outbound,,,Facebook,facebook_paid_retargeting,lead,new,false,0,
339,rodrigo.torres82@manufacturatech.com.ar,Rodrigo,Torres,España,Madrid,Manufactura,359,58276921,People Manager,Manager,final negotiation,New Business,Partnerships,8055,2024-03-12,Instagram,instagram_paid_stories,opportunity,open deal,true,6,35
340,valeria.gomez30@outlook.com,Valeria,Gómez,Perú,Chiclayo,Construcción,166,13248486,COO,C-Level / VP,pilot,New Business,Inbound,14272,2024-06-12,Referral,referral_organic,opportunity,open deal,true,4,8
341,luis.fernandez5@outlook.com,Luis,Fernández,Chile,Santiago,Alimentación,7867,130055462,CHRO,C-Level / VP,pilot,New Business,Outbound,106124,2026-11-04,Referral,referral_organic,opportunity,open deal,true,3,2
342,ricardo.vargas47@tecnologiagroup.com.ar,Ricardo,Vargas,Brasil,Belo Horizonte,Tecnología,168,4061490,Employee Experience Manager,Manager,final negotiation,New Business,Partnerships,11970,2024-08-19,Instagram,instagram_paid_reels,opportunity,open deal,true,8,12
343,ricardo.alvarez71@finanzastech.com,Ricardo,Álvarez,Colombia,Cali,Finanzas,214,12735523,Benefits Coordinator,IC,lost,New Business,Outbound,6140,2025-04-14,Event,event_webinar,lead,unqualified,true,1,23
344,elena.hernandez33@finanzastech.com.ar,Elena,Hernández,México,Puebla,Finanzas,37,1576635,Operations Manager,Manager,discovery,New Business,Outbound,,,Facebook,facebook_paid_prospecting,marketing qualified lead,open,true,2,38
345,jimena.cruz49@outlook.com,Jimena,Cruz,Colombia,Cali,Telecomunicaciones,132,6843395,Recruiter,IC,demo,New Business,Outbound,4981,,Facebook,facebook_paid_prospecting,sales qualified lead,open deal,false,0,
346,gustavo.fernandez37@finanzasgroup.com.ar,Gustavo,Fernández,Argentina,Tucumán,Finanzas,9764,275729764,HR Consultant,Technical,won,Upsell,Outbound,36654,2024-10-16,Facebook,facebook_paid_prospecting,customer,open deal,true,6,5
347,maria.mendoza83@logisticatech.cl,María,Mendoza,México,Monterrey,Logística,15,2035794,HR Consultant,Technical,prequalified,New Business,Partnerships,,,LinkedIn,linkedin_paid_awareness,marketing qualified lead,open,false,0,
348,andres.gomez63@outlook.com,Andrés,Gómez,Brasil,Curitiba,Salud,34,3765607,People Operations Manager,Manager,approaching,New Business,Partnerships,,,Instagram,instagram_paid_reels,lead,new,false,0,
349,lucia.ruiz12@outlook.com,Lucía,Ruiz,Brasil,São Paulo,Retail,184,6698762,HRIS Specialist,Technical,approaching,New Business,Outbound,,,Facebook,facebook_paid_retargeting,lead,open,false,0,
350,isabella.morales26@outlook.com,Isabella,Morales,España,Bilbao,Manufactura,145,2952952,HR Director,Manager,lost,New Business,Outbound,11595,2024-10-15,Event,event_webinar,lead,bad timing,true,7,36
351,valeria.diaz35@outlook.com,Valeria,Díaz,Chile,La Serena,Construcción,3406,354853400,HR Consultant,Technical,lost,New Business,Enterprise,20160,2026-01-21,LinkedIn,linkedin_paid_conversion,lead,bad timing,true,7,19
352,carlos.munoz32@outlook.com,Carlos,Muñoz,Colombia,Barranquilla,Manufactura,146,8201028,CFO,C-Level / VP,discovery,New Business,Partnerships,,,LinkedIn,linkedin_paid_retargeting,marketing qualified lead,in progress,false,0,
353,carolina.herrera37@manufacturainc.com,Carolina,Herrera,Perú,Lima,Manufactura,195,17072220,Benefits Coordinator,IC,prequalified,New Business,Outbound,,,Facebook,facebook_paid_prospecting,marketing qualified lead,open,true,3,31
354,natalia.martinez11@finanzassrl.com,Natalia,Martínez,Argentina,Córdoba,Finanzas,254,74583866,Employee Experience Manager,Manager,won,New Business,Partnerships,7975,2025-06-28,Organic,organic_seo,customer,open deal,true,2,13
355,carlos.hernandez45@finanzascorp.com,Carlos,Hernández,Chile,Concepción,Finanzas,10,2330345,CEO,C-Level / VP,pilot,New Business,Partnerships,19643,2024-07-17,LinkedIn,linkedin_paid_retargeting,opportunity,open deal,true,1,16
356,matias.rodriguez23@gmail.com,Matías,Rodríguez,México,Guadalajara,Construcción,455,65916712,Recruiter,IC,lost,New Business,Partnerships,13303,2024-12-27,Event,event_conference,lead,bad timing,true,8,14
357,roberto.alvarez20@manufacturainc.mx,Roberto,Álvarez,Colombia,Bogotá,Manufactura,165,17857482,People Operations Manager,Manager,prequalified,New Business,Outbound,,,LinkedIn,linkedin_paid_retargeting,marketing qualified lead,in progress,false,0,
358,diego.gutierrez38@retailinc.com.ar,Diego,Gutiérrez,Colombia,Barranquilla,Retail,6717,245722309,Founder & CEO,C-Level / VP,champion engaged,New Business,Outbound,26603,,LinkedIn,linkedin_paid_awareness,sales qualified lead,open deal,false,0,
359,luis.gonzalez26@construccionsa.mx,Luis,González,España,Sevilla,Construcción,559,130109379,Workforce Manager,Manager,decision maker engaged,New Business,Enterprise,8987,2025-06-06,Organic,organic_seo,sales qualified lead,open deal,true,7,11
360,patricia.medina61@manufacturatech.cl,Patricia,Medina,Perú,Chiclayo,Manufactura,40,4564651,Benefits Coordinator,IC,prequalified,New Business,Partnerships,,,Organic,organic_seo,marketing qualified lead,in progress,false,0,
361,florencia.ruiz35@outlook.com,Florencia,Ruiz,Perú,Lima,Construcción,837,60976226,VP of Human Resources,C-Level / VP,champion engaged,New Business,Outbound,94469,,LinkedIn,linkedin_paid_awareness,sales qualified lead,open deal,true,2,38
362,diego.garcia98@alimentacioninc.cl,Diego,García,México,Guadalajara,Alimentación,861,193289964,HR Generalist,IC,prequalified,New Business,Enterprise,,,Instagram,instagram_paid_stories,marketing qualified lead,in progress,false,0,
363,florencia.ramirez8@alimentacionsa.co,Florencia,Ramírez,Argentina,Rosario,Alimentación,8851,993683694,HR Analyst,IC,prequalified,New Business,Enterprise,,,Facebook,facebook_paid_prospecting,marketing qualified lead,open,false,0,
364,patricia.cabrera71@manufacturagroup.com,Patricia,Cabrera,México,Tijuana,Manufactura,464,37618748,HR Business Partner,Manager,pilot,New Business,Outbound,7171,2025-08-29,Google,google_paid_search,opportunity,open deal,true,6,40
365,lucia.martinez59@logisticagroup.com,Lucía,Martínez,Chile,Concepción,Logística,8237,839113678,HR Generalist,IC,champion engaged,New Business,Outbound,27050,,Facebook,facebook_paid_retargeting,sales qualified lead,open deal,false,0,
366,ricardo.lopez15@construccionsrl.com.ar,Ricardo,López,Brasil,Porto Alegre,Construcción,134,2069490,Co-Founder,C-Level / VP,pilot,New Business,Partnerships,19856,2025-05-09,LinkedIn,linkedin_paid_retargeting,opportunity,open deal,true,1,4
367,rafael.torres39@finanzasgroup.co,Rafael,Torres,Argentina,Córdoba,Finanzas,708,170772971,HR Technology Consultant,Technical,decision maker engaged,New Business,Enterprise,16373,2025-10-05,LinkedIn,linkedin_paid_conversion,sales qualified lead,open deal,false,0,
368,gabriela.torres49@finanzassolutions.mx,Gabriela,Torres,Brasil,Porto Alegre,Finanzas,78,14896306,Compensation & Benefits Manager,Manager,prequalified,New Business,Partnerships,,,LinkedIn,linkedin_paid_retargeting,marketing qualified lead,open,false,0,
369,roberto.ortiz83@manufacturasa.mx,Roberto,Ortiz,Chile,Valparaíso,Manufactura,323,57780252,HR Assistant,IC,final negotiation,New Business,Outbound,6940,2025-02-12,Facebook,facebook_paid_prospecting,opportunity,open deal,true,4,27
370,miguel.gutierrez12@tecnologiatech.mx,Miguel,Gutiérrez,España,Valencia,Tecnología,356,53213075,HR Assistant,IC,final negotiation,New Business,Outbound,5460,2026-07-17,Facebook,facebook_paid_retargeting,opportunity,open deal,true,3,25
371,daniela.alvarez80@manufacturainc.cl,Daniela,Álvarez,Perú,Lima,Manufactura,280,70822381,Organizational Development Specialist,Technical,final negotiation,New Business,Outbound,6172,2025-01-29,Instagram,instagram_paid_feed,opportunity,open deal,true,1,8
372,gustavo.ruiz12@gmail.com,Gustavo,Ruiz,Argentina,Córdoba,Telecomunicaciones,3423,564259603,Recruiter,IC,prequalified,New Business,Outbound,,,Event,event_conference,marketing qualified lead,open,false,0,
373,camila.castro31@outlook.com,Camila,Castro,España,Valencia,Construcción,266,76899966,Benefits Coordinator,IC,won,New Business,Outbound,8618,2026-01-11,Facebook,facebook_paid_prospecting,customer,open deal,true,6,8
374,sergio.jimenez79@saludsolutions.com.ar,Sergio,Jiménez,Brasil,Rio de Janeiro,Salud,239,48736501,CFO,C-Level / VP,demo,New Business,Outbound,10669,,Instagram,instagram_paid_reels,sales qualified lead,open deal,false,0,
375,matias.vargas6@alimentacionsrl.com.ar,Matías,Vargas,Perú,Chiclayo,Alimentación,3245,171025196,People Operations Coordinator,IC,demo,New Business,Outbound,21778,,Facebook,facebook_paid_lookalike,sales qualified lead,open deal,false,0,
376,fernando.rodriguez29@tecnologiatech.com,Fernando,Rodríguez,España,Bilbao,Tecnología,5621,613294336,HR Assistant,IC,discovery,New Business,Enterprise,,,Instagram,instagram_paid_feed,marketing qualified lead,open,false,0,
377,andrea.aguilar23@finanzassrl.cl,Andrea,Aguilar,México,Monterrey,Finanzas,202,53964684,HR Director,Manager,approaching,New Business,Outbound,,,Event,event_webinar,lead,new,false,0,
378,santiago.jimenez71@logisticatech.co,Santiago,Jiménez,España,Madrid,Logística,938,73243719,COO,C-Level / VP,demo,New Business,Outbound,60463,,LinkedIn,linkedin_paid_retargeting,sales qualified lead,open deal,false,0,
379,natalia.vega47@finanzassolutions.cl,Natalia,Vega,México,Monterrey,Finanzas,281,22811559,Director General,C-Level / VP,discovery,New Business,Inbound,,,Event,event_webinar,marketing qualified lead,open,true,2,36
380,lucia.flores2@retailsolutions.cl,Lucía,Flores,Brasil,Belo Horizonte,Retail,225,52739696,Organizational Development Specialist,Technical,lost,New Business,Partnerships,9949,2025-10-13,Referral,referral_organic,lead,unqualified,true,7,41
381,rodrigo.suarez56@retailsolutions.com.ar,Rodrigo,Suárez,México,Guadalajara,Retail,456,30151095,CFO,C-Level / VP,decision maker engaged,New Business,Inbound,21592,2024-12-13,Facebook,facebook_paid_prospecting,sales qualified lead,open deal,true,3,17
382,valeria.jimenez3@logisticasrl.co,Valeria,Jiménez,Perú,Chiclayo,Logística,358,59851745,People Analytics Specialist,Technical,approaching,New Business,Partnerships,,,Referral,referral_organic,lead,new,true,1,31
383,hernan.gutierrez46@finanzascorp.com.ar,Hernán,Gutiérrez,Argentina,Mendoza,Finanzas,3094,713194335,People Manager,Manager,prequalified,New Business,Outbound,,,Organic,organic_seo,marketing qualified lead,open,false,0,
384,florencia.navarro15@telecomunicacionessrl.com,Florencia,Navarro,Argentina,Mendoza,Telecomunicaciones,358,23745551,Payroll Analyst,IC,approaching,New Business,Partnerships,,,Facebook,facebook_paid_prospecting,lead,open,true,2,12
385,carolina.martinez99@construccioncorp.cl,Carolina,Martínez,Chile,La Serena,Construcción,450,24015470,Director General,C-Level / VP,demo,New Business,Partnerships,31783,,LinkedIn,linkedin_paid_retargeting,sales qualified lead,open deal,true,3,33
386,isabella.cruz15@educacioncorp.mx,Isabella,Cruz,Brasil,São Paulo,Educación,982,192373457,Payroll Analyst,IC,decision maker engaged,New Business,Outbound,13957,2026-03-01,Referral,referral_organic,sales qualified lead,open deal,true,6,22
387,maria.romero66@logisticasolutions.mx,María,Romero,Colombia,Cali,Logística,19,4442733,VP of Operations,C-Level / VP,champion engaged,New Business,Outbound,20622,,Event,event_demo_day,sales qualified lead,open deal,true,4,12
388,roberto.ortiz45@construccionsa.cl,Roberto,Ortiz,Brasil,Rio de Janeiro,Construcción,555,190742521,Benefits Coordinator,IC,lost,New Business,Outbound,23832,2025-09-05,Instagram,instagram_paid_feed,lead,unqualified,true,7,38
389,andres.ramos37@manufacturatech.com.ar,Andrés,Ramos,España,Valencia,Manufactura,4420,159750136,Director General,C-Level / VP,pilot,New Business,Enterprise,120943,2024-05-06,LinkedIn,linkedin_paid_retargeting,opportunity,open deal,true,6,25
390,veronica.jimenez19@tecnologiacorp.cl,Verónica,Jiménez,Argentina,Mendoza,Tecnología,802,131540976,HR Consultant,Technical,lost,New Business,Enterprise,44181,2024-06-19,Facebook,facebook_paid_prospecting,lead,bad timing,true,7,22
391,sofia.lopez44@tecnologiacorp.mx,Sofía,López,Perú,Lima,Tecnología,400,23905833,Payroll Manager,Manager,discovery,New Business,Partnerships,,,LinkedIn,linkedin_paid_retargeting,marketing qualified lead,in progress,false,0,
392,javier.aguilar74@telecomunicacionesinc.com,Javier,Aguilar,Brasil,São Paulo,Telecomunicaciones,45,2657095,Chief People Officer,C-Level / VP,approaching,New Business,Outbound,,,Google,google_paid_performance_max,lead,open,false,0,
393,agustin.herrera2@outlook.com,Agustín,Herrera,España,Bilbao,Alimentación,14,2149360,Talent Acquisition Specialist,IC,lead,New Business,Inbound,,,LinkedIn,linkedin_paid_awareness,lead,open,false,0,
394,alejandro.alvarez44@retailsrl.co,Alejandro,Álvarez,España,Bilbao,Retail,5113,153899492,Training Manager,Manager,demo,New Business,Outbound,38088,,Instagram,instagram_paid_feed,sales qualified lead,open deal,true,2,41
395,isabella.perez48@construccionsrl.cl,Isabella,Pérez,España,Valencia,Construcción,24,2228467,Training Manager,Manager,approaching,New Business,Outbound,,,Facebook,facebook_paid_lookalike,lead,open,false,0,
396,andres.cruz54@manufacturasa.mx,Andrés,Cruz,Chile,Antofagasta,Manufactura,12,943492,HR Generalist,IC,champion engaged,New Business,Partnerships,7784,,Instagram,instagram_paid_stories,sales qualified lead,open deal,true,5,42
397,alejandro.garcia25@gmail.com,Alejandro,García,México,Puebla,Construcción,8964,224222769,Recruiter,IC,demo,New Business,Outbound,29303,,LinkedIn,linkedin_paid_retargeting,sales qualified lead,open deal,false,0,
398,isabella.chavez81@saludgroup.cl,Isabella,Chávez,Colombia,Barranquilla,Salud,109,10922034,Co-Founder,C-Level / VP,pilot,New Business,Inbound,39239,2024-02-16,Google,google_paid_display,opportunity,open deal,true,7,24
399,andres.diaz18@construccionsolutions.com.ar,Andrés,Díaz,Brasil,Curitiba,Construcción,345,64805793,HR Business Partner,Manager,approaching,New Business,Inbound,,,Google,google_paid_search,lead,new,false,0,
400,miguel.vargas48@educacionsrl.co,Miguel,Vargas,Perú,Chiclayo,Educación,73,11935966,CEO,C-Level / VP,demo,New Business,Outbound,31213,,Referral,referral_organic,sales qualified lead,open deal,true,3,28
401,jimena.lopez48@logisticagroup.co,Jimena,López,España,Barcelona,Logística,835,60739358,Organizational Development Specialist,Technical,final negotiation,New Business,Enterprise,14365,2024-11-26,Instagram,instagram_paid_feed,opportunity,open deal,true,7,40
402,valeria.sanchez39@tecnologiainc.mx,Valeria,Sánchez,Brasil,Curitiba,Tecnología,981,191329951,Talent Acquisition Specialist,IC,demo,New Business,Enterprise,4452,,Referral,referral_organic,sales qualified lead,open deal,false,0,
403,claudia.cabrera19@logisticatech.com.ar,Claudia,Cabrera,México,Guadalajara,Logística,428,51846000,HRIS Specialist,Technical,lost,New Business,Outbound,11763,2025-12-26,Event,event_demo_day,lead,bad timing,true,8,39
404,natalia.suarez28@saludsolutions.com.ar,Natalia,Suárez,Colombia,Cartagena,Salud,7835,325803310,HR Consultant,Technical,discovery,New Business,Enterprise,,,LinkedIn,linkedin_paid_conversion,marketing qualified lead,in progress,true,3,30
405,patricia.gomez17@gmail.com,Patricia,Gómez,España,Valencia,Salud,855,97755754,People Manager,Manager,champion engaged,New Business,Outbound,20116,,Instagram,instagram_paid_reels,sales qualified lead,open deal,true,1,31
406,santiago.ramos78@outlook.com,Santiago,Ramos,México,Ciudad de México,Construcción,5632,856019735,HR Systems Architect,Technical,prequalified,New Business,Outbound,,,Organic,organic_seo,marketing qualified lead,open,true,1,15
407,rodrigo.navarro19@educacioncorp.cl,Rodrigo,Navarro,España,Bilbao,Educación,101,16023172,HR Systems Architect,Technical,won,New Business,Partnerships,9505,2024-09-28,Facebook,facebook_paid_lookalike,customer,open deal,true,6,18
408,rodrigo.cabrera89@outlook.com,Rodrigo,Cabrera,Colombia,Medellín,Logística,4427,495598449,Payroll Analyst,IC,prequalified,New Business,Enterprise,,,Facebook,facebook_paid_prospecting,marketing qualified lead,in progress,false,0,
409,valentina.morales59@alimentacionsa.com.ar,Valentina,Morales,Brasil,Rio de Janeiro,Alimentación,7965,649935108,Co-Founder,C-Level / VP,demo,New Business,Enterprise,75393,,LinkedIn,linkedin_paid_conversion,sales qualified lead,open deal,false,0,
410,gabriela.romero67@manufacturasrl.cl,Gabriela,Romero,Argentina,Rosario,Manufactura,347,10950464,CTO,C-Level / VP,champion engaged,New Business,Outbound,19376,,LinkedIn,linkedin_paid_awareness,sales qualified lead,open deal,true,5,35
411,rafael.martinez2@saludtech.com,Rafael,Martínez,Colombia,Bogotá,Salud,347,57242381,Organizational Development Specialist,Technical,lost,New Business,Inbound,10035,2024-01-10,Referral,referral_organic,lead,unqualified,true,8,36
412,elena.herrera27@tecnologiatech.co,Elena,Herrera,Colombia,Medellín,Tecnología,185,14111151,Recruiter,IC,approaching,New Business,Inbound,,,Facebook,facebook_paid_prospecting,lead,new,true,2,41
413,valentina.mendoza81@educacionsolutions.co,Valentina,Mendoza,Argentina,Córdoba,Educación,72,4495002,Workforce Manager,Manager,final negotiation,New Business,Outbound,6658,2025-07-10,LinkedIn,linkedin_paid_awareness,opportunity,open deal,true,6,44
414,isabella.mendoza18@construcciongroup.com.ar,Isabella,Mendoza,Chile,Antofagasta,Construcción,541,60830201,HR Generalist,IC,demo,New Business,Outbound,9449,,Facebook,facebook_paid_retargeting,sales qualified lead,open deal,true,3,41
415,claudia.gonzalez82@manufacturasrl.mx,Claudia,González,Brasil,São Paulo,Manufactura,167,17723150,People Operations Manager,Manager,discovery,New Business,Inbound,,,LinkedIn,linkedin_paid_retargeting,marketing qualified lead,in progress,false,0,
416,sergio.ramos5@manufacturagroup.com.ar,Sergio,Ramos,México,Tijuana,Manufactura,1466,498667626,Recruiter,IC,lost,New Business,Enterprise,26016,2024-07-24,Referral,referral_organic,lead,bad timing,true,5,7
417,nicolas.rivera48@manufacturagroup.com,Nicolás,Rivera,Argentina,Córdoba,Manufactura,962,101222986,Talent Acquisition Manager,Manager,discovery,New Business,Enterprise,,,LinkedIn,linkedin_paid_awareness,marketing qualified lead,open,false,0,
418,elena.vega55@gmail.com,Elena,Vega,Argentina,Buenos Aires,Alimentación,496,33097651,Recruiter,IC,final negotiation,New Business,Outbound,5519,2025-06-01,Facebook,facebook_paid_prospecting,opportunity,open deal,true,7,3
419,nicolas.vargas32@finanzastech.mx,Nicolás,Vargas,Perú,Arequipa,Finanzas,198,14318290,HR Director,Manager,prequalified,New Business,Outbound,,,Instagram,instagram_paid_feed,marketing qualified lead,in progress,false,0,
420,daniela.garcia19@educaciongroup.co,Daniela,García,Colombia,Medellín,Educación,342,33303300,People Operations Coordinator,IC,final negotiation,New Business,Inbound,5187,2025-06-15,Instagram,instagram_paid_feed,opportunity,open deal,true,6,44
421,rafael.herrera44@tecnologiasrl.cl,Rafael,Herrera,México,Guadalajara,Tecnología,344,61486137,HR Coordinator,IC,lost,New Business,Inbound,13605,2026-02-09,Organic,organic_seo,lead,unqualified,true,5,27
422,gabriela.rojas25@logisticasa.co,Gabriela,Rojas,Chile,Antofagasta,Logística,485,13252030,VP of Human Resources,C-Level / VP,prequalified,New Business,Outbound,,,Google,google_paid_display,marketing qualified lead,in progress,false,0,
423,monica.castro7@finanzassa.mx,Monica,Castro,Colombia,Cartagena,Finanzas,451,44773016,Benefits Coordinator,IC,prequalified,New Business,Outbound,,,Facebook,facebook_paid_prospecting,marketing qualified lead,open,false,0,
424,eduardo.rojas50@retailsolutions.cl,Eduardo,Rojas,Chile,La Serena,Retail,638,132319643,Payroll Analyst,IC,approaching,New Business,Outbound,,,Instagram,instagram_paid_stories,lead,open,false,0,
425,andrea.martinez42@finanzastech.com,Andrea,Martínez,Colombia,Bogotá,Finanzas,755,59440968,HR Technology Consultant,Technical,lost,New Business,Outbound,25179,2024-04-25,Facebook,facebook_paid_prospecting,lead,unqualified,true,8,18
426,paola.vargas44@tecnologiasrl.mx,Paola,Vargas,Perú,Chiclayo,Tecnología,159,12257322,Benefits Coordinator,IC,discovery,New Business,Inbound,,,Instagram,instagram_paid_feed,marketing qualified lead,in progress,false,0,
427,santiago.torres22@manufacturagroup.co,Santiago,Torres,España,Madrid,Manufactura,132,14162094,Benefits Coordinator,IC,won,New Business,Partnerships,12739,2024-06-17,Instagram,instagram_paid_feed,customer,open deal,true,1,43
428,andres.hernandez2@construcciongroup.com.ar,Andrés,Hernández,Chile,Santiago,Construcción,347,69322058,Chief People Officer,C-Level / VP,lost,New Business,Outbound,16620,2026-07-28,LinkedIn,linkedin_paid_conversion,lead,unqualified,true,2,33
429,roberto.cabrera20@manufacturagroup.com,Roberto,Cabrera,Colombia,Medellín,Manufactura,96,16397531,HR Analyst,IC,discovery,New Business,Outbound,,,Event,event_conference,marketing qualified lead,in progress,false,0,
430,valeria.ruiz1@retailcorp.co,Valeria,Ruiz,España,Valencia,Retail,71,15874677,Training Manager,Manager,lead,New Business,Partnerships,,,Instagram,instagram_paid_reels,lead,open,false,0,
431,carlos.vargas64@construcciontech.co,Carlos,Vargas,Colombia,Bogotá,Construcción,8637,882099526,Payroll Manager,Manager,discovery,New Business,Enterprise,,,LinkedIn,linkedin_paid_conversion,marketing qualified lead,in progress,false,0,
432,sergio.vargas38@educaciongroup.com.ar,Sergio,Vargas,Argentina,Rosario,Educación,396,31644083,HR Analyst,IC,prequalified,New Business,Partnerships,,,Google,google_paid_search,marketing qualified lead,open,false,0,
433,daniela.suarez46@outlook.com,Daniela,Suárez,Perú,Chiclayo,Manufactura,135,12836213,HR Analyst,IC,won,New Business,Inbound,14131,2025-09-24,Instagram,instagram_paid_feed,customer,open deal,true,7,30
434,andrea.chavez52@alimentacioninc.com.ar,Andrea,Chávez,México,Puebla,Alimentación,36,1102044,HR Business Partner,Manager,lost,New Business,Outbound,8863,2024-06-27,Google,google_paid_display,lead,bad timing,true,5,39
435,rodrigo.sanchez87@alimentacionsa.com,Rodrigo,Sánchez,Argentina,Tucumán,Alimentación,359,72894915,Chief People Officer,C-Level / VP,pilot,New Business,Outbound,11164,2025-02-22,Organic,organic_seo,opportunity,open deal,true,4,17
436,elena.alvarez99@logisticasolutions.co,Elena,Álvarez,Perú,Arequipa,Logística,208,66608716,VP of People,C-Level / VP,approaching,New Business,Partnerships,,,Event,event_webinar,lead,new,false,0,
437,veronica.munoz55@gmail.com,Verónica,Muñoz,España,Valencia,Educación,395,26053313,HR Consultant,Technical,approaching,New Business,Inbound,,,Referral,referral_organic,lead,open,false,0,
438,diego.gutierrez18@educacioncorp.com,Diego,Gutiérrez,México,Puebla,Educación,12,3323684,HR Technology Consultant,Technical,final negotiation,New Business,Partnerships,13291,2024-01-26,Facebook,facebook_paid_retargeting,opportunity,open deal,true,7,34
439,valentina.vargas94@outlook.com,Valentina,Vargas,Colombia,Barranquilla,Salud,526,106909301,Recruiter,IC,champion engaged,New Business,Outbound,24423,,Facebook,facebook_paid_prospecting,sales qualified lead,open deal,true,1,35
440,carlos.hernandez14@gmail.com,Carlos,Hernández,Colombia,Medellín,Logística,454,76040535,HR Coordinator,IC,pilot,New Business,Partnerships,4239,2025-01-04,Instagram,instagram_paid_feed,opportunity,open deal,true,7,26
441,santiago.fernandez98@saludgroup.co,Santiago,Fernández,Brasil,São Paulo,Salud,477,68545831,HR Generalist,IC,prequalified,New Business,Partnerships,,,Facebook,facebook_paid_lookalike,marketing qualified lead,in progress,false,0,
442,natalia.romero98@telecomunicacionessrl.com,Natalia,Romero,Argentina,Buenos Aires,Telecomunicaciones,663,143752439,Organizational Development Specialist,Technical,discovery,New Business,Outbound,,,Facebook,facebook_paid_prospecting,marketing qualified lead,in progress,false,0,
443,laura.ramos14@outlook.com,Laura,Ramos,Brasil,Rio de Janeiro,Finanzas,79,8788324,Payroll Manager,Manager,discovery,New Business,Outbound,,,LinkedIn,linkedin_paid_awareness,marketing qualified lead,in progress,false,0,
444,agustin.herrera96@finanzasgroup.com.ar,Agustín,Herrera,Brasil,Porto Alegre,Finanzas,281,51424048,HR Director,Manager,lead,New Business,Inbound,,,Facebook,facebook_paid_prospecting,lead,open,false,0,
445,patricia.cabrera66@logisticagroup.cl,Patricia,Cabrera,Argentina,Mendoza,Logística,232,70934846,CFO,C-Level / VP,approaching,New Business,Inbound,,,Google,google_paid_performance_max,lead,open,false,0,
446,hernan.gonzalez57@gmail.com,Hernán,González,España,Barcelona,Manufactura,936,132480673,Training Manager,Manager,discovery,New Business,Enterprise,,,Google,google_paid_display,marketing qualified lead,open,true,3,23
447,luis.gomez31@gmail.com,Luis,Gómez,Colombia,Barranquilla,Retail,196,7032086,Founder & CEO,C-Level / VP,final negotiation,New Business,Outbound,32188,2026-08-09,LinkedIn,linkedin_paid_retargeting,opportunity,open deal,false,0,
448,valentina.alvarez19@manufacturasa.mx,Valentina,Álvarez,Chile,La Serena,Manufactura,6326,762511729,HR Director,Manager,prequalified,New Business,Enterprise,,,Google,google_paid_performance_max,marketing qualified lead,open,false,0,
449,valentina.rivera68@logisticacorp.co,Valentina,Rivera,México,Ciudad de México,Logística,631,94236382,HRIS Specialist,Technical,champion engaged,New Business,Enterprise,3947,,Instagram,instagram_paid_stories,sales qualified lead,open deal,false,0,
450,hernan.rodriguez52@manufacturagroup.co,Hernán,Rodríguez,España,Sevilla,Manufactura,790,148342738,Compensation & Benefits Manager,Manager,won,New Business,Outbound,27603,2024-06-03,Organic,organic_seo,customer,open deal,true,8,18
451,camila.fernandez42@gmail.com,Camila,Fernández,México,Monterrey,Manufactura,183,7838846,HR Analyst,IC,final negotiation,New Business,Inbound,6686,2026-11-14,Facebook,facebook_paid_lookalike,opportunity,open deal,true,2,16
452,alejandro.suarez18@gmail.com,Alejandro,Suárez,España,Madrid,Logística,6505,346492991,HR Generalist,IC,demo,New Business,Enterprise,19810,,LinkedIn,linkedin_paid_awareness,sales qualified lead,open deal,false,0,
453,jimena.ramirez33@tecnologiatech.co,Jimena,Ramírez,Argentina,Tucumán,Tecnología,35,4369771,Workforce Planning Analyst,Technical,champion engaged,New Business,Inbound,6830,,Facebook,facebook_paid_prospecting,sales qualified lead,open deal,false,0,
454,florencia.fernandez30@retailsolutions.mx,Florencia,Fernández,Chile,La Serena,Retail,76,10519627,HR Consultant,Technical,discovery,New Business,Inbound,,,Event,event_conference,marketing qualified lead,open,false,0,
455,valentina.rivera7@outlook.com,Valentina,Rivera,Perú,Arequipa,Retail,100,3037703,Payroll Analyst,IC,lost,New Business,Inbound,12736,2025-09-05,Event,event_webinar,lead,unqualified,true,7,37
456,alejandro.munoz59@gmail.com,Alejandro,Muñoz,España,Barcelona,Educación,91,18958104,HR Generalist,IC,final negotiation,New Business,Partnerships,12336,2024-07-21,Facebook,facebook_paid_prospecting,opportunity,open deal,true,6,23
457,pablo.navarro30@educacioncorp.co,Pablo,Navarro,Brasil,Belo Horizonte,Educación,125,15101463,HRIS Specialist,Technical,lead,New Business,Outbound,,,Google,google_paid_performance_max,lead,new,true,1,1
458,paola.cruz79@gmail.com,Paola,Cruz,Brasil,Curitiba,Manufactura,20,938565,Operations Manager,Manager,prequalified,New Business,Partnerships,,,Organic,organic_seo,marketing qualified lead,in progress,false,0,
459,lucia.gomez9@saludsolutions.com,Lucía,Gómez,España,Madrid,Salud,75,9015738,CFO,C-Level / VP,demo,New Business,Outbound,11781,,LinkedIn,linkedin_paid_conversion,sales qualified lead,open deal,true,2,36
460,rodrigo.gonzalez97@tecnologiasrl.com,Rodrigo,González,Perú,Lima,Tecnología,78,11296989,Training Manager,Manager,champion engaged,New Business,Partnerships,8980,,Facebook,facebook_paid_prospecting,sales qualified lead,open deal,true,3,3
461,ana.rodriguez87@retailgroup.mx,Ana,Rodríguez,Perú,Arequipa,Retail,144,9178704,People Manager,Manager,approaching,New Business,Inbound,,,Facebook,facebook_paid_prospecting,lead,new,false,0,
462,rafael.hernandez2@construccionsrl.cl,Rafael,Hernández,España,Barcelona,Construcción,84,18252062,Director General,C-Level / VP,champion engaged,New Business,Outbound,39292,,LinkedIn,linkedin_paid_awareness,sales qualified lead,open deal,true,3,8
463,lucia.ortiz71@telecomunicacionessrl.co,Lucía,Ortiz,Argentina,Rosario,Telecomunicaciones,19,1317742,Workforce Manager,Manager,discovery,New Business,Partnerships,,,LinkedIn,linkedin_paid_awareness,marketing qualified lead,in progress,false,0,
464,santiago.herrera13@gmail.com,Santiago,Herrera,España,Bilbao,Alimentación,324,26722071,VP of People,C-Level / VP,discovery,New Business,Partnerships,,,Referral,referral_organic,marketing qualified lead,open,false,0,
465,paola.fernandez50@outlook.com,Paola,Fernández,Chile,Valparaíso,Manufactura,415,26186285,People Operations Coordinator,IC,won,New Business,Outbound,10043,2026-07-22,Facebook,facebook_paid_lookalike,customer,open deal,true,7,5
466,daniela.torres22@manufacturasa.com,Daniela,Torres,Chile,La Serena,Manufactura,6671,881168542,HR Manager,Manager,lost,New Business,Enterprise,33366,2025-09-12,Facebook,facebook_paid_prospecting,lead,bad timing,true,5,32
467,florencia.cabrera44@finanzassrl.com.ar,Florencia,Cabrera,España,Valencia,Finanzas,9763,268129357,Payroll Analyst,IC,lost,New Business,Outbound,41444,2025-08-18,Referral,referral_organic,lead,unqualified,true,8,13
468,rafael.vega68@tecnologiainc.cl,Rafael,Vega,Argentina,Córdoba,Tecnología,852,66631009,Organizational Development Specialist,Technical,decision maker engaged,New Business,Enterprise,4270,2025-03-10,Facebook,facebook_paid_lookalike,sales qualified lead,open deal,false,0,
469,pablo.suarez52@tecnologiainc.cl,Pablo,Suárez,España,Valencia,Tecnología,2881,434669487,HR Systems Architect,Technical,champion engaged,New Business,Enterprise,17861,,Instagram,instagram_paid_reels,sales qualified lead,open deal,true,3,32
470,agustin.rojas49@tecnologiasrl.mx,Agustín,Rojas,México,Guadalajara,Tecnología,185,17303210,HR Director,Manager,lost,New Business,Inbound,13909,2025-03-04,Organic,organic_seo,lead,bad timing,true,6,15
471,nicolas.lopez87@gmail.com,Nicolás,López,México,Guadalajara,Manufactura,2109,208457151,Workforce Planning Analyst,Technical,won,Upsell,Outbound,50020,2026-05-28,Referral,referral_organic,customer,open deal,true,8,24
472,veronica.morales62@logisticagroup.com.ar,Verónica,Morales,España,Madrid,Logística,7666,384367909,HR Analyst,IC,discovery,New Business,Enterprise,,,LinkedIn,linkedin_paid_retargeting,marketing qualified lead,in progress,true,3,16
473,gustavo.fernandez33@logisticacorp.com.ar,Gustavo,Fernández,México,Ciudad de México,Logística,502,97791491,Co-Founder,C-Level / VP,demo,New Business,Outbound,30570,,Google,google_paid_performance_max,sales qualified lead,open deal,true,5,24
474,paola.castro22@outlook.com,Paola,Castro,España,Barcelona,Salud,499,65400907,HR Analyst,IC,final negotiation,New Business,Outbound,11183,2024-08-22,Instagram,instagram_paid_stories,opportunity,open deal,false,0,
475,roberto.hernandez14@retailtech.cl,Roberto,Hernández,Colombia,Bogotá,Retail,183,6076564,VP of Human Resources,C-Level / VP,decision maker engaged,New Business,Partnerships,37926,2025-08-14,LinkedIn,linkedin_paid_awareness,sales qualified lead,open deal,false,0,
476,fernando.morales55@retailtech.cl,Fernando,Morales,Colombia,Bogotá,Retail,251,79282224,Workforce Planning Analyst,Technical,pilot,New Business,Inbound,3581,2025-05-03,Instagram,instagram_paid_reels,opportunity,open deal,false,0,
477,diego.gomez66@saludtech.mx,Diego,Gómez,Colombia,Medellín,Salud,234,74142036,People Operations Manager,Manager,lost,New Business,Partnerships,13427,2026-01-09,Event,event_conference,lead,unqualified,true,6,4
478,gabriela.ortiz96@logisticagroup.co,Gabriela,Ortiz,Colombia,Cartagena,Logística,59,13301691,Talent Acquisition Manager,Manager,demo,New Business,Inbound,6532,,Google,google_paid_display,sales qualified lead,open deal,false,0,
479,maria.lopez1@logisticainc.cl,María,López,Perú,Piura,Logística,1037,709014800,Organizational Development Specialist,Technical,lost,New Business,Enterprise,27444,2025-06-08,Instagram,instagram_paid_stories,lead,bad timing,true,1,43
480,carlos.flores56@telecomunicacionesinc.com.ar,Carlos,Flores,México,Monterrey,Telecomunicaciones,502,131971941,COO,C-Level / VP,pilot,New Business,Enterprise,104404,2024-08-24,Facebook,facebook_paid_prospecting,opportunity,open deal,false,0,
481,eduardo.reyes45@construccioninc.com,Eduardo,Reyes,Colombia,Bogotá,Construcción,826,139988720,Chief People Officer,C-Level / VP,won,New Business,Enterprise,136605,2024-08-03,Event,event_webinar,customer,open deal,true,6,44
482,maria.cabrera83@educacionsolutions.mx,María,Cabrera,Chile,La Serena,Educación,10,3872010,HR Analyst,IC,won,New Business,Outbound,14775,2024-09-19,LinkedIn,linkedin_paid_retargeting,customer,open deal,true,6,29
483,rafael.ramos79@saludsa.mx,Rafael,Ramos,México,Puebla,Salud,9037,874829330,Benefits Coordinator,IC,final negotiation,New Business,Outbound,11998,2025-02-04,Organic,organic_seo,opportunity,open deal,true,7,31
484,gabriela.chavez45@alimentacioncorp.com.ar,Gabriela,Chávez,Chile,Santiago,Alimentación,365,27685458,Training Manager,Manager,won,Upsell,Outbound,6169,2026-06-30,Organic,organic_seo,customer,open deal,true,1,27
485,andres.rojas17@tecnologiasa.cl,Andrés,Rojas,México,Puebla,Tecnología,519,85762303,HR Coordinator,IC,approaching,New Business,Outbound,,,Google,google_paid_display,lead,open,false,0,
486,carolina.fernandez33@construcciontech.co,Carolina,Fernández,México,Monterrey,Construcción,84,19589502,People Analytics Specialist,Technical,approaching,New Business,Inbound,,,Google,google_paid_display,lead,new,false,0,
487,camila.perez23@tecnologiasrl.com.ar,Camila,Pérez,España,Madrid,Tecnología,432,11144213,HR Analyst,IC,final negotiation,New Business,Partnerships,6570,2025-06-18,Instagram,instagram_paid_feed,opportunity,open deal,false,0,
488,gabriela.mendoza68@saludsa.com,Gabriela,Mendoza,México,Ciudad de México,Salud,5668,394386831,HR Analyst,IC,prequalified,New Business,Enterprise,,,Organic,organic_seo,marketing qualified lead,in progress,false,0,
489,agustin.vargas31@educaciontech.cl,Agustín,Vargas,Perú,Trujillo,Educación,945,93571539,HR Analyst,IC,discovery,New Business,Enterprise,,,Google,google_paid_performance_max,marketing qualified lead,open,false,0,
490,carolina.cruz87@gmail.com,Carolina,Cruz,Chile,Antofagasta,Manufactura,666,70002695,HR Coordinator,IC,final negotiation,New Business,Outbound,16126,2024-01-30,Event,event_demo_day,opportunity,open deal,true,5,37
491,roberto.lopez1@gmail.com,Roberto,López,Chile,Santiago,Construcción,476,48306836,Talent Acquisition Manager,Manager,lead,New Business,Partnerships,,,Google,google_paid_search,lead,new,false,0,
492,andrea.garcia88@retailsrl.com,Andrea,García,Argentina,Córdoba,Retail,106,15553777,HR Coordinator,IC,won,Upsell,Partnerships,13667,2025-10-03,Instagram,instagram_paid_reels,customer,open deal,true,5,41
493,sergio.vargas47@gmail.com,Sergio,Vargas,México,Monterrey,Logística,373,78655475,Workforce Planning Analyst,Technical,demo,New Business,Outbound,5674,,Facebook,facebook_paid_prospecting,sales qualified lead,open deal,false,0,
494,paola.jimenez39@telecomunicacionesinc.mx,Paola,Jiménez,México,Guadalajara,Telecomunicaciones,53,15731326,Training Manager,Manager,pilot,New Business,Partnerships,9650,2025-03-05,Google,google_paid_search,opportunity,open deal,true,2,41
495,sofia.suarez13@saludsrl.com.ar,Sofía,Suárez,España,Sevilla,Salud,389,13714256,People Manager,Manager,won,New Business,Inbound,10570,2026-09-07,LinkedIn,linkedin_paid_conversion,customer,open deal,true,2,36
496,luis.diaz19@alimentaciongroup.com,Luis,Díaz,México,Monterrey,Alimentación,9730,855046538,HR Consultant,Technical,decision maker engaged,New Business,Enterprise,34426,2026-09-28,Google,google_paid_search,sales qualified lead,open deal,true,3,22
497,agustin.ramos51@manufacturasrl.mx,Agustín,Ramos,Chile,Concepción,Manufactura,8092,439162478,Talent Acquisition Specialist,IC,prequalified,New Business,Outbound,,,Google,google_paid_display,marketing qualified lead,open,false,0,
498,roberto.cabrera16@outlook.com,Roberto,Cabrera,España,Barcelona,Alimentación,98,8050815,COO,C-Level / VP,discovery,New Business,Outbound,,,Instagram,instagram_paid_reels,marketing qualified lead,open,false,0,
499,gustavo.vega7@educacioncorp.mx,Gustavo,Vega,Argentina,Buenos Aires,Educación,190,13500094,VP of People,C-Level / VP,won,New Business,Inbound,56052,2026-11-14,Google,google_paid_display,customer,open deal,true,6,43
500,jorge.morales43@construccioncorp.cl,Jorge,Morales,Perú,Trujillo,Construcción,8054,150519312,People Manager,Manager,lost,New Business,Enterprise,39708,2025-05-23,Google,google_paid_search,lead,bad timing,true,5,15
501,miguel.aguilar4@finanzastech.mx,Miguel,Aguilar,Perú,Trujillo,Finanzas,207,32481775,CHRO,C-Level / VP,final negotiation,New Business,Outbound,32476,2026-07-07,Referral,referral_organic,opportunity,open deal,false,0,
502,gabriela.gutierrez26@construccionsrl.com,Gabriela,Gutiérrez,España,Madrid,Construcción,7246,161482489,VP of Operations,C-Level / VP,lost,New Business,Outbound,49612,2025-09-10,Google,google_paid_display,lead,bad timing,true,8,32
503,jorge.gonzalez36@telecomunicacionessa.co,Jorge,González,Chile,Concepción,Telecomunicaciones,56,4147598,Compensation & Benefits Manager,Manager,lost,New Business,Inbound,11826,2024-04-22,Google,google_paid_performance_max,lead,bad timing,true,4,11
504,roberto.aguilar63@saludgroup.cl,Roberto,Aguilar,Argentina,Tucumán,Salud,475,77860979,Recruiter,IC,approaching,New Business,Outbound,,,Facebook,facebook_paid_prospecting,lead,new,false,0,
505,javier.ruiz84@logisticatech.com,Javier,Ruiz,España,Bilbao,Logística,620,74362213,CEO,C-Level / VP,demo,New Business,Outbound,21678,,Facebook,facebook_paid_lookalike,sales qualified lead,open deal,false,0,
506,jimena.rodriguez73@retailcorp.com.ar,Jimena,Rodríguez,Colombia,Bogotá,Retail,2848,911160003,HR Analyst,IC,lost,New Business,Outbound,17634,2025-07-16,Facebook,facebook_paid_prospecting,lead,bad timing,true,1,35
507,jimena.herrera48@saludsa.com.ar,Jimena,Herrera,Perú,Piura,Salud,886,105508533,VP of People,C-Level / VP,prequalified,New Business,Enterprise,,,Referral,referral_organic,marketing qualified lead,in progress,false,0,
508,rodrigo.rodriguez9@manufacturasrl.com,Rodrigo,Rodríguez,Perú,Piura,Manufactura,61,12690394,Workforce Planning Analyst,Technical,pilot,New Business,Partnerships,5989,2024-07-28,LinkedIn,linkedin_paid_awareness,opportunity,open deal,true,3,42
509,martin.cabrera32@logisticagroup.cl,Martín,Cabrera,Argentina,Tucumán,Logística,456,25749905,HR Assistant,IC,final negotiation,New Business,Outbound,10899,2026-05-24,Facebook,facebook_paid_lookalike,opportunity,open deal,true,8,3
510,paola.fernandez58@finanzassolutions.cl,Paola,Fernández,Perú,Trujillo,Finanzas,46,1659434,Talent Acquisition Specialist,IC,prequalified,New Business,Outbound,,,Instagram,instagram_paid_stories,marketing qualified lead,in progress,false,0,
511,monica.martinez96@retailcorp.mx,Monica,Martínez,Colombia,Bogotá,Retail,9300,430833024,HR Assistant,IC,demo,New Business,Outbound,22999,,Google,google_paid_search,sales qualified lead,open deal,false,0,
512,eduardo.morales40@logisticasolutions.com.ar,Eduardo,Morales,México,Puebla,Logística,319,20801514,CHRO,C-Level / VP,final negotiation,New Business,Partnerships,33936,2024-03-20,Google,google_paid_display,opportunity,open deal,true,1,13
513,patricia.vargas4@outlook.com,Patricia,Vargas,Argentina,Mendoza,Logística,777,131966373,People Operations Coordinator,IC,demo,New Business,Enterprise,14362,,Facebook,facebook_paid_prospecting,sales qualified lead,open deal,false,0,
514,pablo.medina57@alimentacioncorp.com,Pablo,Medina,Argentina,Rosario,Alimentación,5500,883361942,Workforce Manager,Manager,approaching,New Business,Outbound,,,Google,google_paid_display,lead,new,true,1,22
515,ricardo.fernandez1@logisticasolutions.co,Ricardo,Fernández,Chile,Santiago,Logística,631,174944650,Talent Acquisition Specialist,IC,lost,New Business,Enterprise,18112,2026-09-28,Google,google_paid_performance_max,lead,unqualified,true,4,42
516,hernan.romero81@logisticatech.mx,Hernán,Romero,Brasil,São Paulo,Logística,6372,399434545,HR Coordinator,IC,discovery,New Business,Outbound,,,Facebook,facebook_paid_retargeting,marketing qualified lead,in progress,true,4,31
517,pablo.diaz20@educacionsrl.cl,Pablo,Díaz,Perú,Piura,Educación,110,7349930,People Manager,Manager,decision maker engaged,New Business,Inbound,5106,2024-01-09,Organic,organic_seo,sales qualified lead,open deal,false,0,
518,elena.herrera88@finanzasinc.mx,Elena,Herrera,Colombia,Bogotá,Finanzas,130,6353744,Recruiter,IC,champion engaged,New Business,Outbound,6029,,Google,google_paid_performance_max,sales qualified lead,open deal,true,5,36
519,andrea.hernandez76@gmail.com,Andrea,Hernández,Argentina,Tucumán,Finanzas,182,13353083,HR Technology Consultant,Technical,discovery,New Business,Inbound,,,Facebook,facebook_paid_retargeting,marketing qualified lead,open,false,0,
520,lucia.reyes37@telecomunicacionessa.com,Lucía,Reyes,Chile,Santiago,Telecomunicaciones,584,57005660,VP of Operations,C-Level / VP,decision maker engaged,New Business,Enterprise,29240,2026-04-14,LinkedIn,linkedin_paid_awareness,sales qualified lead,open deal,true,7,24
521,patricia.sanchez4@gmail.com,Patricia,Sánchez,España,Barcelona,Retail,245,65539109,COO,C-Level / VP,pilot,New Business,Partnerships,19292,2026-03-05,LinkedIn,linkedin_paid_conversion,opportunity,open deal,true,8,12
522,martin.flores14@saludgroup.com.ar,Martín,Flores,Chile,Concepción,Salud,918,108430048,HR Coordinator,IC,prequalified,New Business,Enterprise,,,Instagram,instagram_paid_reels,marketing qualified lead,open,false,0,
523,eduardo.herrera10@logisticasa.com,Eduardo,Herrera,Perú,Trujillo,Logística,3832,276767618,Recruiter,IC,approaching,New Business,Outbound,,,Google,google_paid_display,lead,open,false,0,
524,ana.suarez9@saludcorp.co,Ana,Suárez,Perú,Trujillo,Salud,664,180433202,VP of Human Resources,C-Level / VP,champion engaged,New Business,Outbound,26960,,Organic,organic_seo,sales qualified lead,open deal,true,4,17
525,veronica.reyes90@finanzastech.com.ar,Verónica,Reyes,España,Barcelona,Finanzas,6414,753299639,Co-Founder,C-Level / VP,discovery,New Business,Outbound,,,Organic,organic_seo,marketing qualified lead,open,false,0,
526,camila.ruiz54@logisticasolutions.cl,Camila,Ruiz,Brasil,Curitiba,Logística,138,13816233,HR Coordinator,IC,lead,New Business,Inbound,,,Facebook,facebook_paid_retargeting,lead,new,false,0,
527,javier.vega77@outlook.com,Javier,Vega,Colombia,Barranquilla,Retail,60,10747929,CHRO,C-Level / VP,champion engaged,New Business,Inbound,12155,,Instagram,instagram_paid_stories,sales qualified lead,open deal,true,5,13
528,maria.vargas40@manufacturatech.com,María,Vargas,Chile,Santiago,Manufactura,104,5194099,Payroll Analyst,IC,won,New Business,Inbound,10682,2025-06-19,Instagram,instagram_paid_stories,customer,open deal,true,4,36
529,valentina.cruz96@manufacturagroup.mx,Valentina,Cruz,México,Ciudad de México,Manufactura,81,3136236,People Operations Coordinator,IC,won,New Business,Inbound,8826,2025-12-19,Instagram,instagram_paid_feed,customer,open deal,true,3,16
530,valentina.diaz6@saludsa.co,Valentina,Díaz,Argentina,Buenos Aires,Salud,596,134856405,Employee Experience Manager,Manager,discovery,New Business,Outbound,,,LinkedIn,linkedin_paid_retargeting,marketing qualified lead,open,true,3,7
531,valeria.jimenez65@saludinc.cl,Valeria,Jiménez,Argentina,Tucumán,Salud,105,7594470,Operations Manager,Manager,discovery,New Business,Outbound,,,Instagram,instagram_paid_feed,marketing qualified lead,in progress,true,1,29
532,rafael.munoz86@alimentaciongroup.com.ar,Rafael,Muñoz,Brasil,São Paulo,Alimentación,955,59418671,Benefits Coordinator,IC,won,New Business,Enterprise,15312,2024-10-07,Organic,organic_seo,customer,open deal,true,4,35
533,carolina.cabrera51@educaciongroup.cl,Carolina,Cabrera,Argentina,Rosario,Educación,27,2621561,Operations Manager,Manager,approaching,New Business,Partnerships,,,Instagram,instagram_paid_reels,lead,open,false,0,
534,javier.rodriguez74@outlook.com,Javier,Rodríguez,Argentina,Córdoba,Manufactura,30,2956191,HR Manager,Manager,prequalified,New Business,Outbound,,,Instagram,instagram_paid_reels,marketing qualified lead,in progress,true,2,2
535,andrea.sanchez65@telecomunicacionessolutions.mx,Andrea,Sánchez,Colombia,Cartagena,Telecomunicaciones,22,4875114,Organizational Development Specialist,Technical,lead,New Business,Partnerships,,,Instagram,instagram_paid_reels,lead,open,false,0,
536,isabella.munoz24@logisticagroup.co,Isabella,Muñoz,España,Valencia,Logística,25,4164996,Operations Manager,Manager,lost,New Business,Outbound,5806,2026-08-08,Event,event_webinar,lead,unqualified,true,3,32
537,jorge.vargas92@educacioninc.co,Jorge,Vargas,Perú,Trujillo,Educación,971,179550819,Workforce Planning Analyst,Technical,prequalified,New Business,Enterprise,,,Organic,organic_seo,marketing qualified lead,in progress,false,0,
538,veronica.gutierrez92@outlook.com,Verónica,Gutiérrez,Brasil,Rio de Janeiro,Logística,351,72727129,People Manager,Manager,lost,New Business,Partnerships,11785,2025-10-30,Event,event_conference,lead,bad timing,true,4,1
539,carolina.cabrera50@retailsa.co,Carolina,Cabrera,México,Guadalajara,Retail,5754,590622914,HR Assistant,IC,approaching,New Business,Enterprise,,,Instagram,instagram_paid_stories,lead,new,false,0,
540,hernan.hernandez32@gmail.com,Hernán,Hernández,España,Valencia,Telecomunicaciones,6531,918677208,Payroll Manager,Manager,approaching,New Business,Outbound,,,Event,event_conference,lead,open,false,0,
541,luis.flores47@outlook.com,Luis,Flores,Chile,Antofagasta,Construcción,261,33623337,Employee Experience Manager,Manager,approaching,New Business,Partnerships,,,Event,event_conference,lead,open,false,0,
542,miguel.fernandez75@telecomunicacionessolutions.com,Miguel,Fernández,Brasil,Rio de Janeiro,Telecomunicaciones,1966,616423770,Talent Acquisition Specialist,IC,discovery,New Business,Outbound,,,LinkedIn,linkedin_paid_conversion,marketing qualified lead,open,true,1,4
543,vanessa.vargas66@telecomunicacionessrl.cl,Vanessa,Vargas,Brasil,São Paulo,Telecomunicaciones,338,29744216,HRIS Specialist,Technical,lost,New Business,Inbound,8509,2025-10-22,Organic,organic_seo,lead,unqualified,true,5,33
544,isabella.gutierrez83@construccioncorp.co,Isabella,Gutiérrez,Brasil,Curitiba,Construcción,479,43835469,Chief People Officer,C-Level / VP,approaching,New Business,Inbound,,,LinkedIn,linkedin_paid_retargeting,lead,new,false,0,
545,isabella.garcia60@telecomunicacionesgroup.com,Isabella,García,Perú,Chiclayo,Telecomunicaciones,214,53068219,CFO,C-Level / VP,lost,New Business,Inbound,14196,2026-08-03,Facebook,facebook_paid_lookalike,lead,bad timing,true,1,29
546,nicolas.romero18@gmail.com,Nicolás,Romero,Colombia,Cali,Tecnología,8535,659661753,Recruiter,IC,final negotiation,New Business,Outbound,10272,2025-11-14,Facebook,facebook_paid_lookalike,opportunity,open deal,true,7,42
547,diego.flores35@outlook.com,Diego,Flores,México,Ciudad de México,Finanzas,1147,196584497,Benefits Coordinator,IC,demo,New Business,Enterprise,12850,,Google,google_paid_display,sales qualified lead,open deal,true,4,19
548,florencia.gutierrez4@construccionsolutions.mx,Florencia,Gutiérrez,Brasil,Porto Alegre,Construcción,6390,727945659,People Operations Manager,Manager,champion engaged,New Business,Enterprise,22386,,Instagram,instagram_paid_reels,sales qualified lead,open deal,true,3,24
549,ana.herrera15@gmail.com,Ana,Herrera,España,Sevilla,Manufactura,44,3393620,Benefits Coordinator,IC,demo,New Business,Outbound,7187,,Event,event_webinar,sales qualified lead,open deal,false,0,
550,valeria.rivera51@manufacturasolutions.co,Valeria,Rivera,Brasil,São Paulo,Manufactura,129,7022004,Workforce Planning Analyst,Technical,decision maker engaged,New Business,Inbound,8320,2024-03-16,Organic,organic_seo,sales qualified lead,open deal,false,0,
551,camila.rodriguez19@tecnologiagroup.cl,Camila,Rodríguez,México,Monterrey,Tecnología,413,22159815,HR Director,Manager,lost,New Business,Inbound,8866,2025-05-02,Google,google_paid_search,lead,unqualified,true,7,23
552,camila.chavez37@construccioninc.com.ar,Camila,Chávez,Brasil,Rio de Janeiro,Construcción,931,146744576,HR Analyst,IC,won,New Business,Outbound,5742,2026-03-09,Instagram,instagram_paid_reels,customer,open deal,false,0,
553,eduardo.sanchez45@outlook.com,Eduardo,Sánchez,México,Ciudad de México,Finanzas,971,155085586,CTO,C-Level / VP,approaching,New Business,Enterprise,,,Instagram,instagram_paid_reels,lead,new,false,0,
554,alejandro.medina84@gmail.com,Alejandro,Medina,Argentina,Rosario,Tecnología,20,1814406,People Manager,Manager,won,New Business,Outbound,5931,2025-08-05,LinkedIn,linkedin_paid_retargeting,customer,open deal,true,8,5
555,javier.torres61@telecomunicacionessa.cl,Javier,Torres,Argentina,Córdoba,Telecomunicaciones,2610,377367830,HR Coordinator,IC,discovery,New Business,Outbound,,,LinkedIn,linkedin_paid_conversion,marketing qualified lead,open,false,0,
556,andres.rivera40@telecomunicacionesinc.com,Andrés,Rivera,Chile,Antofagasta,Telecomunicaciones,1053,155450694,Recruiter,IC,prequalified,New Business,Enterprise,,,Google,google_paid_performance_max,marketing qualified lead,in progress,false,0,
557,agustin.aguilar51@alimentacioncorp.co,Agustín,Aguilar,España,Bilbao,Alimentación,212,58273035,HR Generalist,IC,discovery,New Business,Inbound,,,Facebook,facebook_paid_retargeting,marketing qualified lead,open,false,0,
558,florencia.fernandez10@gmail.com,Florencia,Fernández,Argentina,Mendoza,Construcción,8383,363406599,HR Consultant,Technical,pilot,New Business,Outbound,20723,2025-02-24,LinkedIn,linkedin_paid_conversion,opportunity,open deal,true,7,23
559,florencia.suarez66@educacioncorp.com,Florencia,Suárez,Perú,Piura,Educación,217,22628596,HR Generalist,IC,decision maker engaged,New Business,Inbound,4046,2026-12-07,Instagram,instagram_paid_stories,sales qualified lead,open deal,true,6,19
560,lucia.garcia27@gmail.com,Lucía,García,España,Barcelona,Finanzas,95,16660139,CEO,C-Level / VP,approaching,New Business,Inbound,,,Organic,organic_seo,lead,new,false,0,
561,gabriela.gomez70@tecnologiainc.com.ar,Gabriela,Gómez,México,Guadalajara,Tecnología,458,70850279,People Manager,Manager,lead,New Business,Outbound,,,Instagram,instagram_paid_feed,lead,new,false,0,
562,camila.ortiz24@outlook.com,Camila,Ortiz,Argentina,Rosario,Finanzas,108,10199003,VP of People,C-Level / VP,demo,New Business,Inbound,35059,,Referral,referral_organic,sales qualified lead,open deal,false,0,
563,daniela.ruiz67@outlook.com,Daniela,Ruiz,Chile,Valparaíso,Alimentación,137,19622880,VP of People,C-Level / VP,prequalified,New Business,Partnerships,,,Facebook,facebook_paid_lookalike,marketing qualified lead,open,false,0,
564,paola.martinez91@educacionsrl.cl,Paola,Martínez,España,Madrid,Educación,805,50202620,Benefits Coordinator,IC,won,Upsell,Enterprise,27231,2024-04-30,Facebook,facebook_paid_lookalike,customer,open deal,true,5,1
565,andres.hernandez43@retailcorp.com.ar,Andrés,Hernández,Colombia,Cali,Retail,739,102652935,Talent Acquisition Manager,Manager,won,New Business,Outbound,31929,2025-04-11,Instagram,instagram_paid_reels,customer,open deal,true,4,39
566,luis.romero53@saludsolutions.com,Luis,Romero,México,Ciudad de México,Salud,116,19215580,Benefits Coordinator,IC,final negotiation,New Business,Outbound,11481,2025-06-29,Instagram,instagram_paid_stories,opportunity,open deal,false,0,
567,ricardo.jimenez39@alimentacionsolutions.com.ar,Ricardo,Jiménez,Perú,Trujillo,Alimentación,164,17163466,People Operations Coordinator,IC,champion engaged,New Business,Partnerships,9815,,Google,google_paid_performance_max,sales qualified lead,open deal,false,0,
568,laura.hernandez63@gmail.com,Laura,Hernández,Chile,Santiago,Telecomunicaciones,9865,319998342,HR Coordinator,IC,pilot,New Business,Outbound,23391,2025-10-11,Facebook,facebook_paid_lookalike,opportunity,open deal,true,4,1
569,isabella.vargas74@telecomunicacionessrl.co,Isabella,Vargas,México,Puebla,Telecomunicaciones,32,3197290,Compensation & Benefits Manager,Manager,discovery,New Business,Outbound,,,LinkedIn,linkedin_paid_conversion,marketing qualified lead,open,true,2,18
570,miguel.perez39@retailsrl.mx,Miguel,Pérez,Argentina,Mendoza,Retail,461,26429752,Employee Experience Manager,Manager,prequalified,New Business,Outbound,,,Event,event_conference,marketing qualified lead,open,false,0,
571,roberto.chavez39@gmail.com,Roberto,Chávez,México,Monterrey,Retail,33,1353866,People Operations Manager,Manager,final negotiation,New Business,Inbound,11339,2024-11-30,Instagram,instagram_paid_reels,opportunity,open deal,true,6,5
572,ana.chavez14@construccionsolutions.co,Ana,Chávez,Argentina,Tucumán,Construcción,456,64679042,Chief People Officer,C-Level / VP,pilot,New Business,Partnerships,39925,2026-10-24,LinkedIn,linkedin_paid_retargeting,opportunity,open deal,true,4,17
573,alejandro.flores85@telecomunicacionescorp.mx,Alejandro,Flores,Chile,Santiago,Telecomunicaciones,801,59176429,Talent Acquisition Specialist,IC,champion engaged,New Business,Enterprise,15788,,Instagram,instagram_paid_reels,sales qualified lead,open deal,true,1,30
574,alejandro.perez60@manufacturagroup.mx,Alejandro,Pérez,Chile,Antofagasta,Manufactura,901,152399582,HR Coordinator,IC,pilot,New Business,Outbound,14635,2026-07-07,Google,google_paid_display,opportunity,open deal,true,5,22
575,diego.rojas54@gmail.com,Diego,Rojas,España,Bilbao,Construcción,61,8584433,Training Manager,Manager,decision maker engaged,New Business,Outbound,6710,2024-06-25,Instagram,instagram_paid_stories,sales qualified lead,open deal,true,7,23
576,paola.fernandez63@gmail.com,Paola,Fernández,Perú,Trujillo,Salud,603,80662417,HR Assistant,IC,decision maker engaged,New Business,Enterprise,24104,2024-01-24,Google,google_paid_search,sales qualified lead,open deal,true,3,3
577,luis.gutierrez15@construccionsa.com,Luis,Gutiérrez,España,Barcelona,Construcción,448,32470408,Talent Acquisition Manager,Manager,discovery,New Business,Inbound,,,LinkedIn,linkedin_paid_conversion,marketing qualified lead,open,true,4,28
578,rafael.lopez23@tecnologiagroup.cl,Rafael,López,Colombia,Barranquilla,Tecnología,73,5117313,Employee Experience Manager,Manager,decision maker engaged,New Business,Outbound,9645,2026-08-08,Instagram,instagram_paid_reels,sales qualified lead,open deal,true,1,21
579,elena.fernandez12@gmail.com,Elena,Fernández,Perú,Piura,Finanzas,90,3661221,VP of People,C-Level / VP,discovery,New Business,Inbound,,,Google,google_paid_performance_max,marketing qualified lead,in progress,true,4,7
580,elena.herrera95@gmail.com,Elena,Herrera,Colombia,Cali,Finanzas,903,155723592,HR Analyst,IC,lost,New Business,Outbound,26110,2024-07-02,Facebook,facebook_paid_prospecting,lead,unqualified,true,2,25
581,monica.vargas96@manufacturagroup.com,Monica,Vargas,Perú,Trujillo,Manufactura,41,4648954,Employee Experience Manager,Manager,discovery,New Business,Inbound,,,LinkedIn,linkedin_paid_retargeting,marketing qualified lead,open,true,2,1
582,nicolas.cruz16@saludinc.cl,Nicolás,Cruz,Perú,Piura,Salud,890,132009695,Payroll Analyst,IC,approaching,New Business,Outbound,,,Instagram,instagram_paid_feed,lead,open,false,0,
583,sofia.vega44@construccioninc.com.ar,Sofía,Vega,España,Madrid,Construcción,123,13444155,HR Analyst,IC,discovery,New Business,Partnerships,,,Facebook,facebook_paid_prospecting,marketing qualified lead,in progress,false,0,
584,valeria.aguilar32@gmail.com,Valeria,Aguilar,Perú,Arequipa,Manufactura,366,13928535,People Operations Coordinator,IC,lost,New Business,Partnerships,11356,2025-08-19,Referral,referral_organic,lead,unqualified,true,7,25
585,andres.ruiz40@saludinc.com,Andrés,Ruiz,Brasil,Curitiba,Salud,89,5209973,HR Analyst,IC,lead,New Business,Inbound,,,Instagram,instagram_paid_feed,lead,open,false,0,
586,andrea.gonzalez76@logisticacorp.cl,Andrea,González,Argentina,Mendoza,Logística,181,14435928,People Operations Manager,Manager,prequalified,New Business,Inbound,,,Organic,organic_seo,marketing qualified lead,open,false,0,
587,sergio.lopez42@logisticagroup.com,Sergio,López,Chile,Valparaíso,Logística,44,4779743,Compensation & Benefits Manager,Manager,decision maker engaged,New Business,Inbound,7288,2025-11-13,Facebook,facebook_paid_lookalike,sales qualified lead,open deal,false,0,
588,valentina.chavez91@outlook.com,Valentina,Chávez,Colombia,Cali,Telecomunicaciones,18,3173552,Payroll Analyst,IC,won,New Business,Partnerships,11986,2025-05-10,Facebook,facebook_paid_prospecting,customer,open deal,true,1,36
589,rodrigo.diaz12@outlook.com,Rodrigo,Díaz,Chile,Antofagasta,Logística,7881,953923594,Operations Manager,Manager,demo,New Business,Enterprise,25318,,Instagram,instagram_paid_feed,sales qualified lead,open deal,true,5,5
590,roberto.munoz85@retailsolutions.cl,Roberto,Muñoz,Brasil,São Paulo,Retail,147,13095539,People Analytics Specialist,Technical,pilot,New Business,Inbound,7364,2024-10-31,Instagram,instagram_paid_stories,opportunity,open deal,true,8,3
591,santiago.romero32@telecomunicacionesinc.co,Santiago,Romero,Perú,Chiclayo,Telecomunicaciones,26,1564868,HR Coordinator,IC,prequalified,New Business,Inbound,,,Instagram,instagram_paid_feed,marketing qualified lead,open,false,0,
592,paola.herrera29@outlook.com,Paola,Herrera,México,Tijuana,Finanzas,420,25988833,People Operations Coordinator,IC,won,New Business,Partnerships,13882,2025-04-23,Instagram,instagram_paid_feed,customer,open deal,true,1,23
593,roberto.fernandez36@alimentacionsrl.com.ar,Roberto,Fernández,Colombia,Bogotá,Alimentación,3824,201903528,People Operations Manager,Manager,prequalified,New Business,Enterprise,,,Google,google_paid_display,marketing qualified lead,in progress,true,3,20
594,luis.herrera78@outlook.com,Luis,Herrera,Colombia,Cartagena,Manufactura,26,1269654,Director General,C-Level / VP,approaching,New Business,Partnerships,,,Google,google_paid_search,lead,new,false,0,
595,javier.castro59@manufacturatech.cl,Javier,Castro,Colombia,Cali,Manufactura,38,4734325,Chief People Officer,C-Level / VP,prequalified,New Business,Outbound,,,Facebook,facebook_paid_lookalike,marketing qualified lead,open,false,0,
596,eduardo.gonzalez73@gmail.com,Eduardo,González,Chile,Antofagasta,Alimentación,43,2934884,People Operations Coordinator,IC,discovery,New Business,Outbound,,,LinkedIn,linkedin_paid_awareness,marketing qualified lead,open,false,0,
597,santiago.reyes44@educaciongroup.co,Santiago,Reyes,Chile,Santiago,Educación,1657,947629661,Payroll Analyst,IC,demo,New Business,Outbound,16246,,Google,google_paid_performance_max,sales qualified lead,open deal,false,0,
598,valeria.ruiz20@alimentacioncorp.co,Valeria,Ruiz,España,Valencia,Alimentación,7040,226872490,Talent Acquisition Specialist,IC,champion engaged,New Business,Outbound,23713,,Facebook,facebook_paid_lookalike,sales qualified lead,open deal,true,1,31
599,matias.morales15@logisticasa.co,Matías,Morales,Argentina,Mendoza,Logística,112,18900633,Organizational Development Specialist,Technical,lead,New Business,Partnerships,,,Google,google_paid_display,lead,open,false,0,
600,veronica.rojas1@telecomunicacionesinc.cl,Verónica,Rojas,México,Guadalajara,Telecomunicaciones,110,5680922,Recruiter,IC,approaching,New Business,Outbound,,,Google,google_paid_performance_max,lead,new,false,0,
601,eduardo.gonzalez37@alimentacionsa.com,Eduardo,González,Chile,Santiago,Alimentación,986,145183920,Talent Acquisition Specialist,IC,won,New Business,Outbound,10078,2026-08-14,Google,google_paid_display,customer,open deal,true,7,36
602,martin.vargas23@outlook.com,Martín,Vargas,Colombia,Cali,Logística,225,45434640,VP of Human Resources,C-Level / VP,approaching,New Business,Outbound,,,Facebook,facebook_paid_prospecting,lead,new,false,0,
603,fernando.hernandez32@manufacturasrl.com,Fernando,Hernández,Chile,La Serena,Manufactura,758,144909691,HR Generalist,IC,final negotiation,New Business,Outbound,25998,2024-05-11,Google,google_paid_display,opportunity,open deal,true,8,44
604,luis.navarro3@gmail.com,Luis,Navarro,Argentina,Rosario,Retail,48,1140462,CFO,C-Level / VP,discovery,New Business,Outbound,,,LinkedIn,linkedin_paid_conversion,marketing qualified lead,in progress,false,0,
605,martin.flores98@saludcorp.com,Martín,Flores,Perú,Lima,Salud,5797,492656650,People Operations Coordinator,IC,approaching,New Business,Enterprise,,,Facebook,facebook_paid_retargeting,lead,open,false,0,
606,patricia.ramirez44@manufacturainc.mx,Patricia,Ramírez,España,Sevilla,Manufactura,26,3533156,VP of Human Resources,C-Level / VP,demo,New Business,Partnerships,7909,,LinkedIn,linkedin_paid_conversion,sales qualified lead,open deal,false,0,
607,miguel.martinez39@telecomunicacionescorp.mx,Miguel,Martínez,México,Guadalajara,Telecomunicaciones,33,1933971,CFO,C-Level / VP,final negotiation,New Business,Outbound,44720,2025-03-20,LinkedIn,linkedin_paid_retargeting,opportunity,open deal,true,6,14
608,diego.vargas15@gmail.com,Diego,Vargas,Argentina,Buenos Aires,Logística,923,158844111,VP of Human Resources,C-Level / VP,lost,New Business,Enterprise,75492,2025-01-07,LinkedIn,linkedin_paid_retargeting,lead,unqualified,true,7,35
609,laura.ramirez72@saludsrl.com,Laura,Ramírez,Colombia,Barranquilla,Salud,497,42921180,Payroll Manager,Manager,lost,New Business,Outbound,9194,2025-04-10,Event,event_conference,lead,unqualified,true,3,23
610,daniela.reyes74@telecomunicacionesinc.com,Daniela,Reyes,Argentina,Mendoza,Telecomunicaciones,546,108735152,Payroll Manager,Manager,champion engaged,New Business,Enterprise,7902,,LinkedIn,linkedin_paid_retargeting,sales qualified lead,open deal,true,6,2
611,jimena.rodriguez25@educacionsrl.com.ar,Jimena,Rodríguez,Perú,Lima,Educación,5464,831479646,HR Analyst,IC,demo,New Business,Enterprise,11754,,Facebook,facebook_paid_prospecting,sales qualified lead,open deal,false,0,
612,sergio.gomez16@educacioninc.cl,Sergio,Gómez,Colombia,Medellín,Educación,77,7399954,HR Director,Manager,pilot,New Business,Inbound,8918,2025-11-01,Instagram,instagram_paid_feed,opportunity,open deal,true,4,21
613,javier.munoz80@outlook.com,Javier,Muñoz,Chile,Antofagasta,Salud,3006,402077919,Payroll Analyst,IC,lost,New Business,Outbound,33072,2026-01-15,Google,google_paid_performance_max,lead,bad timing,true,6,20
614,eduardo.cabrera85@saludsa.co,Eduardo,Cabrera,España,Barcelona,Salud,234,63887362,Benefits Coordinator,IC,won,New Business,Partnerships,6628,2025-11-24,Facebook,facebook_paid_retargeting,customer,open deal,true,8,38
615,hernan.ramos96@retailgroup.com.ar,Hernán,Ramos,Chile,Valparaíso,Retail,71,8102212,HR Generalist,IC,lead,New Business,Partnerships,,,Instagram,instagram_paid_reels,lead,new,false,0,
616,hernan.alvarez60@finanzassolutions.mx,Hernán,Álvarez,Brasil,Rio de Janeiro,Finanzas,639,151326602,Recruiter,IC,decision maker engaged,New Business,Outbound,13835,2026-06-11,Instagram,instagram_paid_stories,sales qualified lead,open deal,true,3,29
617,camila.cruz43@construccioninc.com,Camila,Cruz,Perú,Lima,Construcción,78,12287864,Benefits Coordinator,IC,prequalified,New Business,Outbound,,,LinkedIn,linkedin_paid_awareness,marketing qualified lead,in progress,false,0,
618,carlos.cruz14@outlook.com,Carlos,Cruz,España,Madrid,Alimentación,29,3158636,HR Director,Manager,won,New Business,Partnerships,12252,2024-04-30,Instagram,instagram_paid_stories,customer,open deal,true,6,37
619,vanessa.lopez1@outlook.com,Vanessa,López,Brasil,Belo Horizonte,Alimentación,7518,846624073,COO,C-Level / VP,demo,New Business,Outbound,60812,,Event,event_demo_day,sales qualified lead,open deal,false,0,
620,eduardo.jimenez85@logisticacorp.co,Eduardo,Jiménez,Chile,Santiago,Logística,117,13417307,People Operations Manager,Manager,demo,New Business,Partnerships,6038,,LinkedIn,linkedin_paid_conversion,sales qualified lead,open deal,false,0,
621,agustin.hernandez20@gmail.com,Agustín,Hernández,México,Puebla,Construcción,339,39762543,Organizational Development Specialist,Technical,pilot,New Business,Inbound,10464,2025-12-07,LinkedIn,linkedin_paid_awareness,opportunity,open deal,false,0,
622,isabella.castro54@retailsrl.co,Isabella,Castro,México,Guadalajara,Retail,30,3853432,Employee Experience Manager,Manager,prequalified,New Business,Inbound,,,LinkedIn,linkedin_paid_awareness,marketing qualified lead,open,false,0,
623,sofia.herrera90@telecomunicacionestech.mx,Sofía,Herrera,España,Valencia,Telecomunicaciones,24,2876867,HR Coordinator,IC,decision maker engaged,New Business,Outbound,7288,2026-11-07,Organic,organic_seo,sales qualified lead,open deal,true,6,20
624,lucia.gutierrez27@construcciongroup.cl,Lucía,Gutiérrez,México,Monterrey,Construcción,48,762361,People Manager,Manager,champion engaged,New Business,Partnerships,6211,,LinkedIn,linkedin_paid_conversion,sales qualified lead,open deal,false,0,
625,alejandro.vega58@outlook.com,Alejandro,Vega,Colombia,Cali,Telecomunicaciones,27,4533358,Payroll Manager,Manager,demo,New Business,Partnerships,4252,,LinkedIn,linkedin_paid_awareness,sales qualified lead,open deal,true,3,42
626,eduardo.flores20@gmail.com,Eduardo,Flores,Perú,Piura,Educación,506,58787536,Benefits Coordinator,IC,demo,New Business,Enterprise,8178,,Instagram,instagram_paid_reels,sales qualified lead,open deal,false,0,
627,isabella.garcia38@telecomunicacionesgroup.com.ar,Isabella,García,Chile,Antofagasta,Telecomunicaciones,9831,399392072,Chief People Officer,C-Level / VP,champion engaged,New Business,Enterprise,29030,,LinkedIn,linkedin_paid_retargeting,sales qualified lead,open deal,false,0,
628,rodrigo.ramos3@logisticasrl.com.ar,Rodrigo,Ramos,Argentina,Córdoba,Logística,611,56899884,Benefits Coordinator,IC,approaching,New Business,Enterprise,,,Instagram,instagram_paid_stories,lead,open,false,0,
629,isabella.sanchez79@retailsolutions.cl,Isabella,Sánchez,Colombia,Cali,Retail,82,7009221,Payroll Manager,Manager,prequalified,New Business,Inbound,,,Event,event_webinar,marketing qualified lead,in progress,false,0,
630,laura.cabrera58@retailcorp.com,Laura,Cabrera,Colombia,Bogotá,Retail,198,4382957,HR Systems Architect,Technical,lost,New Business,Outbound,8080,2024-03-17,Google,google_paid_search,lead,unqualified,true,5,34
631,valeria.ortiz50@gmail.com,Valeria,Ortiz,Chile,Santiago,Alimentación,464,72128731,HR Generalist,IC,won,New Business,Partnerships,8466,2024-01-16,Referral,referral_organic,customer,open deal,true,7,28
632,elena.herrera45@gmail.com,Elena,Herrera,Chile,Valparaíso,Telecomunicaciones,81,6757320,HR Systems Architect,Technical,discovery,New Business,Inbound,,,Event,event_demo_day,marketing qualified lead,open,false,0,
633,gustavo.medina55@gmail.com,Gustavo,Medina,Colombia,Bogotá,Logística,3035,803370174,Training Manager,Manager,approaching,New Business,Enterprise,,,Google,google_paid_display,lead,new,false,0,
634,hernan.morales85@construccioncorp.com,Hernán,Morales,Argentina,Rosario,Construcción,72,6800290,Payroll Analyst,IC,won,New Business,Outbound,14026,2025-09-10,LinkedIn,linkedin_paid_conversion,customer,open deal,false,0,
635,valentina.medina11@telecomunicacionessrl.cl,Valentina,Medina,Brasil,São Paulo,Telecomunicaciones,10,3688942,People Operations Coordinator,IC,approaching,New Business,Inbound,,,Facebook,facebook_paid_retargeting,lead,open,false,0,
636,gabriela.morales50@alimentacioninc.co,Gabriela,Morales,Brasil,Rio de Janeiro,Alimentación,303,27179057,HR Manager,Manager,demo,New Business,Partnerships,8208,,Google,google_paid_display,sales qualified lead,open deal,false,0,
637,carolina.rojas5@finanzascorp.com,Carolina,Rojas,México,Monterrey,Finanzas,4364,740407559,People Operations Manager,Manager,lost,New Business,Enterprise,59408,2026-01-27,Referral,referral_organic,lead,bad timing,true,5,30
638,diego.cruz43@gmail.com,Diego,Cruz,Argentina,Córdoba,Logística,396,36540914,HR Business Partner,Manager,pilot,New Business,Partnerships,6428,2024-01-31,LinkedIn,linkedin_paid_conversion,opportunity,open deal,true,1,14
639,gabriela.castro85@logisticasa.com,Gabriela,Castro,Brasil,Curitiba,Logística,359,43042482,People Operations Manager,Manager,approaching,New Business,Partnerships,,,Instagram,instagram_paid_feed,lead,new,false,0,
640,patricia.perez83@gmail.com,Patricia,Pérez,Brasil,Porto Alegre,Tecnología,3808,923032763,Organizational Development Specialist,Technical,pilot,New Business,Outbound,37808,2026-12-06,Referral,referral_organic,opportunity,open deal,false,0,
641,patricia.diaz13@saludsolutions.com.ar,Patricia,Díaz,Colombia,Cali,Salud,391,34986248,Training Manager,Manager,discovery,New Business,Outbound,,,LinkedIn,linkedin_paid_retargeting,marketing qualified lead,open,false,0,
642,daniela.navarro9@retailinc.com,Daniela,Navarro,Argentina,Córdoba,Retail,117,19446978,HR Assistant,IC,lost,New Business,Inbound,12049,2024-07-23,LinkedIn,linkedin_paid_retargeting,lead,unqualified,true,3,6
643,camila.medina7@construccionsa.cl,Camila,Medina,Colombia,Cali,Construcción,4656,885665188,HR Assistant,IC,lead,New Business,Enterprise,,,Event,event_demo_day,lead,new,false,0,
644,fernando.castro78@logisticasrl.cl,Fernando,Castro,Chile,Santiago,Logística,1949,336843635,Organizational Development Specialist,Technical,lost,New Business,Outbound,28724,2024-02-21,Event,event_webinar,lead,unqualified,true,4,29
645,roberto.romero45@saludsrl.cl,Roberto,Romero,España,Barcelona,Salud,6777,805602582,Compensation & Benefits Manager,Manager,decision maker engaged,New Business,Enterprise,24912,2026-09-29,Instagram,instagram_paid_feed,sales qualified lead,open deal,false,0,
646,jimena.diaz77@saludgroup.com.ar,Jimena,Díaz,Argentina,Mendoza,Salud,273,58394849,HR Director,Manager,prequalified,New Business,Partnerships,,,Instagram,instagram_paid_stories,marketing qualified lead,in progress,false,0,
647,gabriela.navarro10@gmail.com,Gabriela,Navarro,Argentina,Córdoba,Alimentación,125,11912583,HR Generalist,IC,won,New Business,Inbound,9334,2026-12-10,Instagram,instagram_paid_feed,customer,open deal,true,2,9
648,miguel.rodriguez49@educacioncorp.cl,Miguel,Rodríguez,Chile,Valparaíso,Educación,408,26207053,Recruiter,IC,decision maker engaged,New Business,Inbound,8054,2026-12-02,Instagram,instagram_paid_stories,sales qualified lead,open deal,true,3,32
649,paola.ortiz31@retailsrl.cl,Paola,Ortiz,Argentina,Córdoba,Retail,376,27839474,HR Systems Architect,Technical,won,New Business,Outbound,13853,2024-12-28,Event,event_webinar,customer,open deal,false,0,
650,veronica.perez25@outlook.com,Verónica,Pérez,Chile,La Serena,Tecnología,675,100243097,Chief People Officer,C-Level / VP,demo,New Business,Outbound,90752,,LinkedIn,linkedin_paid_retargeting,sales qualified lead,open deal,true,5,16
651,miguel.herrera37@alimentacionsrl.mx,Miguel,Herrera,México,Ciudad de México,Alimentación,999,129642255,Operations Manager,Manager,decision maker engaged,New Business,Outbound,10998,2026-09-28,Google,google_paid_performance_max,sales qualified lead,open deal,true,3,8
652,andres.lopez9@gmail.com,Andrés,López,Brasil,Belo Horizonte,Tecnología,48,2552925,VP of Human Resources,C-Level / VP,decision maker engaged,New Business,Partnerships,44534,2026-02-20,LinkedIn,linkedin_paid_retargeting,sales qualified lead,open deal,true,3,9
653,eduardo.gonzalez47@saludcorp.co,Eduardo,González,Argentina,Buenos Aires,Salud,300,52834097,Payroll Manager,Manager,pilot,New Business,Outbound,5308,2026-08-06,Facebook,facebook_paid_lookalike,opportunity,open deal,true,5,36
654,elena.martinez47@outlook.com,Elena,Martínez,Chile,Concepción,Finanzas,10,1513943,HR Business Partner,Manager,final negotiation,New Business,Outbound,5404,2025-06-23,Google,google_paid_search,opportunity,open deal,false,0,
655,monica.romero99@telecomunicacionesgroup.cl,Monica,Romero,Chile,Santiago,Telecomunicaciones,9875,261236935,COO,C-Level / VP,discovery,New Business,Outbound,,,Google,google_paid_performance_max,marketing qualified lead,open,true,2,7
656,luis.romero81@educacionsa.co,Luis,Romero,México,Tijuana,Educación,890,124341151,People Operations Coordinator,IC,won,New Business,Enterprise,24324,2024-09-13,Instagram,instagram_paid_reels,customer,open deal,true,5,2
657,javier.ruiz43@gmail.com,Javier,Ruiz,Colombia,Cali,Logística,384,67850939,HR Generalist,IC,demo,New Business,Outbound,8488,,Facebook,facebook_paid_retargeting,sales qualified lead,open deal,false,0,
658,monica.cabrera50@retailsa.com,Monica,Cabrera,Argentina,Tucumán,Retail,57,17196652,Organizational Development Specialist,Technical,won,New Business,Outbound,13744,2026-01-17,Facebook,facebook_paid_retargeting,customer,open deal,true,7,14
659,valeria.rivera90@gmail.com,Valeria,Rivera,España,Madrid,Retail,107,4732881,HR Generalist,IC,discovery,New Business,Inbound,,,Instagram,instagram_paid_reels,marketing qualified lead,open,false,0,
660,natalia.hernandez90@tecnologiagroup.com.ar,Natalia,Hernández,Colombia,Barranquilla,Tecnología,33,624000,HR Analyst,IC,demo,New Business,Partnerships,5272,,Event,event_webinar,sales qualified lead,open deal,false,0,
661,elena.herrera49@retailgroup.com.ar,Elena,Herrera,Perú,Piura,Retail,13,1757160,Payroll Manager,Manager,decision maker engaged,New Business,Partnerships,10455,2026-11-12,Organic,organic_seo,sales qualified lead,open deal,false,0,
662,pablo.ramirez95@manufacturagroup.com,Pablo,Ramírez,España,Sevilla,Manufactura,2979,440213079,Workforce Manager,Manager,prequalified,New Business,Enterprise,,,Instagram,instagram_paid_feed,marketing qualified lead,in progress,true,3,30
663,gabriela.morales97@saludcorp.co,Gabriela,Morales,España,Madrid,Salud,57,6440872,Training Manager,Manager,prequalified,New Business,Inbound,,,Referral,referral_organic,marketing qualified lead,in progress,false,0,
664,laura.alvarez24@construccionsolutions.mx,Laura,Álvarez,España,Valencia,Construcción,5263,553358669,HR Business Partner,Manager,prequalified,New Business,Enterprise,,,Referral,referral_organic,marketing qualified lead,open,true,3,9
665,jimena.vega63@telecomunicacionestech.mx,Jimena,Vega,Brasil,Porto Alegre,Telecomunicaciones,316,76902818,HR Manager,Manager,pilot,New Business,Partnerships,3947,2026-04-11,Organic,organic_seo,opportunity,open deal,false,0,
666,andrea.rivera60@retailtech.co,Andrea,Rivera,Chile,Concepción,Retail,328,21350583,HR Coordinator,IC,final negotiation,New Business,Inbound,6971,2024-12-02,Facebook,facebook_paid_prospecting,opportunity,open deal,true,5,39
667,florencia.perez1@retailsa.mx,Florencia,Pérez,Brasil,Curitiba,Retail,263,12414869,People Analytics Specialist,Technical,pilot,New Business,Partnerships,10015,2026-05-20,Organic,organic_seo,opportunity,open deal,false,0,
668,nicolas.gutierrez44@logisticacorp.co,Nicolás,Gutiérrez,Colombia,Cali,Logística,44,2421927,Training Manager,Manager,lost,New Business,Inbound,10304,2026-11-01,Google,google_paid_performance_max,lead,bad timing,true,2,12
669,andrea.ortiz17@outlook.com,Andrea,Ortiz,México,Monterrey,Educación,5873,734353786,HR Coordinator,IC,demo,New Business,Outbound,19074,,LinkedIn,linkedin_paid_retargeting,sales qualified lead,open deal,true,4,21
670,daniela.herrera59@construcciontech.mx,Daniela,Herrera,España,Madrid,Construcción,625,97152405,Talent Acquisition Specialist,IC,demo,New Business,Outbound,9397,,Referral,referral_organic,sales qualified lead,open deal,true,1,26
671,diego.aguilar63@construccionsolutions.com.ar,Diego,Aguilar,Chile,Antofagasta,Construcción,106,12386819,HR Business Partner,Manager,champion engaged,New Business,Partnerships,10487,,LinkedIn,linkedin_paid_conversion,sales qualified lead,open deal,true,1,18
672,javier.morales71@tecnologiainc.co,Javier,Morales,Chile,Santiago,Tecnología,263,15160126,Founder & CEO,C-Level / VP,discovery,New Business,Inbound,,,Facebook,facebook_paid_prospecting,marketing qualified lead,in progress,false,0,
673,nicolas.diaz70@alimentacionsrl.com.ar,Nicolás,Díaz,España,Madrid,Alimentación,8952,463861229,Compensation & Benefits Manager,Manager,demo,New Business,Outbound,30580,,Instagram,instagram_paid_feed,sales qualified lead,open deal,true,5,8
674,santiago.rivera18@logisticagroup.co,Santiago,Rivera,Perú,Lima,Logística,419,65675090,Payroll Manager,Manager,final negotiation,New Business,Partnerships,8189,2024-12-21,Instagram,instagram_paid_feed,opportunity,open deal,true,8,34
675,javier.vargas66@retailtech.mx,Javier,Vargas,Chile,Concepción,Retail,969,58226341,Talent Acquisition Specialist,IC,prequalified,New Business,Outbound,,,Organic,organic_seo,marketing qualified lead,open,false,0,
676,natalia.romero63@alimentacioninc.com,Natalia,Romero,Brasil,São Paulo,Alimentación,523,154168084,Workforce Manager,Manager,won,Upsell,Outbound,24051,2025-01-04,Instagram,instagram_paid_reels,customer,open deal,true,8,10
677,elena.castro29@alimentacionsa.com.ar,Elena,Castro,Perú,Chiclayo,Alimentación,520,176705523,VP of People,C-Level / VP,prequalified,New Business,Outbound,,,Organic,organic_seo,marketing qualified lead,open,false,0,
678,luis.sanchez47@retailsa.com.ar,Luis,Sánchez,España,Valencia,Retail,301,15425740,Payroll Analyst,IC,won,New Business,Partnerships,10673,2025-09-30,Instagram,instagram_paid_feed,customer,open deal,true,4,25
679,camila.gonzalez81@telecomunicacionestech.com,Camila,González,México,Guadalajara,Telecomunicaciones,293,26902506,HR Analyst,IC,approaching,New Business,Outbound,,,Facebook,facebook_paid_retargeting,lead,new,false,0,
680,ricardo.aguilar31@outlook.com,Ricardo,Aguilar,Argentina,Tucumán,Alimentación,909,76824383,Recruiter,IC,champion engaged,New Business,Outbound,12802,,LinkedIn,linkedin_paid_conversion,sales qualified lead,open deal,true,5,17
681,gustavo.medina78@alimentacioninc.cl,Gustavo,Medina,Brasil,São Paulo,Alimentación,790,101923764,CHRO,C-Level / VP,prequalified,New Business,Outbound,,,Google,google_paid_performance_max,marketing qualified lead,open,true,1,41
682,sergio.medina44@outlook.com,Sergio,Medina,Argentina,Rosario,Manufactura,146,14800834,HRIS Specialist,Technical,won,Upsell,Partnerships,6790,2024-07-19,Facebook,facebook_paid_lookalike,customer,open deal,true,2,30
683,hernan.rivera40@logisticatech.co,Hernán,Rivera,Colombia,Barranquilla,Logística,46,4140624,Benefits Coordinator,IC,final negotiation,New Business,Partnerships,11926,2025-12-05,Instagram,instagram_paid_reels,opportunity,open deal,true,6,3
684,andres.fernandez41@finanzassolutions.cl,Andrés,Fernández,Brasil,Porto Alegre,Finanzas,2783,837193786,HR Generalist,IC,champion engaged,New Business,Outbound,40197,,Facebook,facebook_paid_lookalike,sales qualified lead,open deal,false,0,
685,sergio.gomez70@gmail.com,Sergio,Gómez,Perú,Chiclayo,Tecnología,2135,988574027,HR Manager,Manager,discovery,New Business,Enterprise,,,LinkedIn,linkedin_paid_retargeting,marketing qualified lead,in progress,false,0,
686,andres.hernandez81@outlook.com,Andrés,Hernández,Colombia,Cartagena,Alimentación,6621,289252209,Director General,C-Level / VP,champion engaged,New Business,Enterprise,67883,,LinkedIn,linkedin_paid_awareness,sales qualified lead,open deal,false,0,
687,florencia.ruiz94@outlook.com,Florencia,Ruiz,España,Madrid,Construcción,94,7435005,Payroll Manager,Manager,final negotiation,New Business,Inbound,7697,2024-01-06,Facebook,facebook_paid_prospecting,opportunity,open deal,true,5,22
688,diego.herrera67@retailtech.co,Diego,Herrera,Perú,Piura,Retail,468,55405539,Workforce Planning Analyst,Technical,demo,New Business,Inbound,5470,,Instagram,instagram_paid_stories,sales qualified lead,open deal,false,0,
689,elena.lopez81@tecnologiasa.com.ar,Elena,López,México,Puebla,Tecnología,289,69794194,Talent Acquisition Specialist,IC,approaching,New Business,Inbound,,,Google,google_paid_search,lead,new,false,0,
690,martin.vargas72@gmail.com,Martín,Vargas,Argentina,Buenos Aires,Retail,768,155472558,Organizational Development Specialist,Technical,demo,New Business,Outbound,25330,,Google,google_paid_display,sales qualified lead,open deal,false,0,
691,jimena.torres76@manufacturasrl.mx,Jimena,Torres,Perú,Arequipa,Manufactura,91,4189933,CTO,C-Level / VP,prequalified,New Business,Inbound,,,Organic,organic_seo,marketing qualified lead,open,false,0,
692,fernando.perez70@retailsa.com.ar,Fernando,Pérez,Colombia,Barranquilla,Retail,43,1316928,Payroll Manager,Manager,lost,New Business,Partnerships,10036,2024-04-18,Google,google_paid_display,lead,bad timing,true,2,18
693,ricardo.suarez85@outlook.com,Ricardo,Suárez,Brasil,Curitiba,Retail,441,37090107,HR Director,Manager,lost,New Business,Outbound,11334,2025-11-14,Referral,referral_organic,lead,unqualified,true,7,32
694,santiago.rivera58@logisticasrl.co,Santiago,Rivera,Chile,La Serena,Logística,3877,168710434,HR Business Partner,Manager,discovery,New Business,Enterprise,,,Referral,referral_organic,marketing qualified lead,in progress,false,0,
695,jimena.morales98@retailsrl.com,Jimena,Morales,España,Sevilla,Retail,720,68331036,Talent Acquisition Manager,Manager,pilot,New Business,Outbound,11619,2025-12-20,LinkedIn,linkedin_paid_awareness,opportunity,open deal,true,2,1
696,ana.perez19@outlook.com,Ana,Pérez,Argentina,Buenos Aires,Retail,394,41845858,Recruiter,IC,final negotiation,New Business,Partnerships,6803,2025-06-11,Instagram,instagram_paid_reels,opportunity,open deal,true,3,4
697,isabella.fernandez90@retailsolutions.co,Isabella,Fernández,Colombia,Bogotá,Retail,633,124953500,VP of Operations,C-Level / VP,prequalified,New Business,Enterprise,,,Google,google_paid_performance_max,marketing qualified lead,in progress,true,3,22
698,diego.jimenez68@outlook.com,Diego,Jiménez,Brasil,São Paulo,Construcción,130,14785756,Talent Acquisition Specialist,IC,champion engaged,New Business,Inbound,10148,,Organic,organic_seo,sales qualified lead,open deal,false,0,
699,claudia.cabrera93@manufacturasrl.com.ar,Claudia,Cabrera,Brasil,Belo Horizonte,Manufactura,895,63852001,People Manager,Manager,pilot,New Business,Enterprise,30603,2025-07-03,LinkedIn,linkedin_paid_conversion,opportunity,open deal,true,4,39
700,veronica.rivera28@manufacturasrl.co,Verónica,Rivera,México,Monterrey,Manufactura,766,153538482,Payroll Analyst,IC,prequalified,New Business,Enterprise,,,Instagram,instagram_paid_feed,marketing qualified lead,in progress,false,0,
701,carolina.torres92@gmail.com,Carolina,Torres,Argentina,Tucumán,Salud,398,56514637,VP of Human Resources,C-Level / VP,decision maker engaged,New Business,Inbound,32683,2024-06-04,LinkedIn,linkedin_paid_retargeting,sales qualified lead,open deal,true,7,23
702,claudia.navarro37@saludsolutions.co,Claudia,Navarro,Perú,Piura,Salud,3438,252313286,HR Consultant,Technical,discovery,New Business,Enterprise,,,Referral,referral_organic,marketing qualified lead,in progress,false,0,
703,veronica.munoz93@gmail.com,Verónica,Muñoz,España,Sevilla,Logística,13,3198029,Chief People Officer,C-Level / VP,lost,New Business,Partnerships,28770,2025-09-24,Instagram,instagram_paid_feed,lead,bad timing,true,3,41
704,luis.torres45@telecomunicacionesinc.com,Luis,Torres,Chile,Concepción,Telecomunicaciones,670,143083543,CFO,C-Level / VP,won,New Business,Outbound,35472,2026-09-29,Google,google_paid_display,customer,open deal,true,1,31
705,javier.herrera98@alimentaciongroup.co,Javier,Herrera,Perú,Piura,Alimentación,130,4169445,HR Technology Consultant,Technical,won,New Business,Inbound,7829,2024-08-19,Instagram,instagram_paid_reels,customer,open deal,true,6,10
706,diego.sanchez98@logisticatech.co,Diego,Sánchez,Brasil,Curitiba,Logística,134,3598381,CFO,C-Level / VP,prequalified,New Business,Inbound,,,Referral,referral_organic,marketing qualified lead,in progress,false,0,
707,carolina.jimenez54@educacioncorp.cl,Carolina,Jiménez,España,Bilbao,Educación,43,2968874,HR Business Partner,Manager,lost,New Business,Inbound,14451,2026-08-14,Google,google_paid_display,lead,bad timing,true,6,18
708,florencia.cabrera19@gmail.com,Florencia,Cabrera,Argentina,Córdoba,Telecomunicaciones,358,76659821,Payroll Manager,Manager,final negotiation,New Business,Outbound,5310,2025-09-22,Facebook,facebook_paid_prospecting,opportunity,open deal,true,1,15
709,sofia.torres20@saludsrl.com,Sofía,Torres,Chile,La Serena,Salud,73,8255824,Payroll Analyst,IC,won,Upsell,Partnerships,11287,2024-04-10,Google,google_paid_display,customer,open deal,true,3,8
710,eduardo.reyes5@gmail.com,Eduardo,Reyes,México,Ciudad de México,Finanzas,41,2253480,Talent Acquisition Manager,Manager,prequalified,New Business,Outbound,,,Organic,organic_seo,marketing qualified lead,in progress,false,0,
711,natalia.torres54@telecomunicacionessa.co,Natalia,Torres,Argentina,Mendoza,Telecomunicaciones,1320,207397042,CTO,C-Level / VP,prequalified,New Business,Enterprise,,,Facebook,facebook_paid_lookalike,marketing qualified lead,in progress,false,0,
712,jimena.perez14@educacioncorp.cl,Jimena,Pérez,Colombia,Bogotá,Educación,398,20062688,Training Manager,Manager,won,New Business,Partnerships,6671,2024-11-10,Instagram,instagram_paid_feed,customer,open deal,true,8,4
713,valentina.ramos36@gmail.com,Valentina,Ramos,México,Puebla,Construcción,495,28953531,Operations Manager,Manager,won,New Business,Partnerships,12736,2024-01-23,Referral,referral_organic,customer,open deal,false,0,
714,jimena.suarez41@tecnologiasolutions.mx,Jimena,Suárez,México,Tijuana,Tecnología,9238,424939253,HR Coordinator,IC,discovery,New Business,Enterprise,,,Instagram,instagram_paid_feed,marketing qualified lead,open,false,0,
715,carolina.morales49@gmail.com,Carolina,Morales,Chile,Valparaíso,Tecnología,3945,451780497,People Operations Coordinator,IC,lead,New Business,Enterprise,,,Facebook,facebook_paid_retargeting,lead,open,false,0,
716,patricia.romero74@outlook.com,Patricia,Romero,Brasil,Belo Horizonte,Salud,4061,296699109,Benefits Coordinator,IC,approaching,New Business,Outbound,,,Instagram,instagram_paid_stories,lead,open,false,0,
717,andres.castro76@construccioninc.com,Andrés,Castro,Brasil,Porto Alegre,Construcción,207,23435189,HR Generalist,IC,discovery,New Business,Inbound,,,Organic,organic_seo,marketing qualified lead,open,true,4,36
718,camila.reyes21@gmail.com,Camila,Reyes,Colombia,Cali,Finanzas,484,10524732,HR Coordinator,IC,approaching,New Business,Outbound,,,Facebook,facebook_paid_prospecting,lead,open,false,0,
719,sofia.ortiz77@construccioninc.com,Sofía,Ortiz,Brasil,São Paulo,Construcción,1641,792161218,VP of People,C-Level / VP,demo,New Business,Outbound,98986,,Facebook,facebook_paid_retargeting,sales qualified lead,open deal,false,0,
720,jorge.martinez76@tecnologiasa.com.ar,Jorge,Martínez,Argentina,Córdoba,Tecnología,879,84080742,Employee Experience Manager,Manager,discovery,New Business,Outbound,,,LinkedIn,linkedin_paid_retargeting,marketing qualified lead,open,false,0,
721,eduardo.rojas6@saludcorp.com,Eduardo,Rojas,México,Tijuana,Salud,522,52435191,Talent Acquisition Specialist,IC,pilot,New Business,Outbound,23108,2025-06-07,Facebook,facebook_paid_lookalike,opportunity,open deal,true,2,45
722,maria.morales50@manufacturacorp.com.ar,María,Morales,Brasil,Rio de Janeiro,Manufactura,75,4054444,HR Generalist,IC,discovery,New Business,Partnerships,,,Google,google_paid_performance_max,marketing qualified lead,in progress,false,0,
723,camila.jimenez26@alimentacioninc.co,Camila,Jiménez,Colombia,Bogotá,Alimentación,8862,130381293,CHRO,C-Level / VP,prequalified,New Business,Enterprise,,,Google,google_paid_display,marketing qualified lead,in progress,false,0,
724,javier.vargas52@construccioncorp.cl,Javier,Vargas,Brasil,Curitiba,Construcción,109,4809803,Recruiter,IC,lead,New Business,Partnerships,,,Facebook,facebook_paid_retargeting,lead,new,false,0,
725,gustavo.romero35@manufacturagroup.com,Gustavo,Romero,Colombia,Medellín,Manufactura,32,2086171,People Manager,Manager,lead,New Business,Inbound,,,Google,google_paid_display,lead,new,false,0,
726,laura.martinez58@saludsrl.com,Laura,Martínez,Perú,Lima,Salud,80,18996347,HR Coordinator,IC,won,New Business,Partnerships,5777,2025-02-12,Instagram,instagram_paid_reels,customer,open deal,true,1,31
727,alejandro.ruiz97@outlook.com,Alejandro,Ruiz,Chile,Antofagasta,Telecomunicaciones,40,1307723,VP of Human Resources,C-Level / VP,pilot,New Business,Inbound,39666,2024-08-10,LinkedIn,linkedin_paid_conversion,opportunity,open deal,true,4,44
728,roberto.ramos66@logisticasolutions.com,Roberto,Ramos,España,Madrid,Logística,841,189014612,HRIS Specialist,Technical,lost,New Business,Enterprise,9819,2025-03-12,Facebook,facebook_paid_lookalike,lead,unqualified,true,8,3
729,roberto.cruz51@alimentacioncorp.co,Roberto,Cruz,España,Valencia,Alimentación,9705,129361615,People Operations Coordinator,IC,approaching,New Business,Outbound,,,Facebook,facebook_paid_prospecting,lead,open,false,0,
730,gabriela.gomez4@outlook.com,Gabriela,Gómez,México,Guadalajara,Manufactura,219,33849501,Compensation & Benefits Manager,Manager,decision maker engaged,New Business,Inbound,8847,2025-03-24,LinkedIn,linkedin_paid_conversion,sales qualified lead,open deal,true,1,23
731,gustavo.aguilar58@telecomunicacionessolutions.co,Gustavo,Aguilar,México,Ciudad de México,Telecomunicaciones,197,15529389,VP of Human Resources,C-Level / VP,decision maker engaged,New Business,Partnerships,37831,2025-04-21,Facebook,facebook_paid_prospecting,sales qualified lead,open deal,true,6,9
732,javier.munoz68@outlook.com,Javier,Muñoz,México,Guadalajara,Finanzas,33,692883,Chief People Officer,C-Level / VP,champion engaged,New Business,Partnerships,16237,,LinkedIn,linkedin_paid_conversion,sales qualified lead,open deal,false,0,
733,valentina.gutierrez73@telecomunicacionessolutions.com.ar,Valentina,Gutiérrez,Argentina,Buenos Aires,Telecomunicaciones,28,1987949,CFO,C-Level / VP,prequalified,New Business,Inbound,,,Instagram,instagram_paid_stories,marketing qualified lead,open,false,0,
734,rafael.morales6@alimentaciongroup.com.ar,Rafael,Morales,México,Guadalajara,Alimentación,215,28580021,HR Consultant,Technical,decision maker engaged,New Business,Partnerships,8455,2026-03-06,Instagram,instagram_paid_stories,sales qualified lead,open deal,true,3,23
735,jorge.herrera38@logisticacorp.co,Jorge,Herrera,México,Ciudad de México,Logística,6059,358273362,Workforce Planning Analyst,Technical,champion engaged,New Business,Enterprise,17117,,Instagram,instagram_paid_reels,sales qualified lead,open deal,true,1,45
736,roberto.ramos20@gmail.com,Roberto,Ramos,Colombia,Cartagena,Educación,20,3072970,Workforce Planning Analyst,Technical,approaching,New Business,Inbound,,,Google,google_paid_search,lead,new,true,1,33
737,luis.flores53@retailgroup.cl,Luis,Flores,Perú,Piura,Retail,4377,764090937,VP of People,C-Level / VP,discovery,New Business,Enterprise,,,Organic,organic_seo,marketing qualified lead,in progress,false,0,
738,miguel.aguilar42@outlook.com,Miguel,Aguilar,Argentina,Rosario,Construcción,58,17657376,Operations Manager,Manager,final negotiation,New Business,Partnerships,9694,2025-09-02,LinkedIn,linkedin_paid_retargeting,opportunity,open deal,false,0,
739,maria.lopez3@retailcorp.mx,María,López,España,Madrid,Retail,173,15089736,HR Analyst,IC,lost,New Business,Outbound,5298,2026-12-13,Google,google_paid_performance_max,lead,bad timing,true,6,8
740,pablo.munoz23@retailsrl.com.ar,Pablo,Muñoz,Brasil,Curitiba,Retail,22,4965638,HR Coordinator,IC,approaching,New Business,Partnerships,,,Instagram,instagram_paid_reels,lead,open,false,0,
741,daniela.rivera8@gmail.com,Daniela,Rivera,México,Monterrey,Manufactura,137,15520764,Founder & CEO,C-Level / VP,lost,New Business,Inbound,21720,2026-11-06,Instagram,instagram_paid_stories,lead,bad timing,true,1,13
742,claudia.munoz38@logisticainc.com,Claudia,Muñoz,México,Ciudad de México,Logística,34,1409851,HR Business Partner,Manager,prequalified,New Business,Partnerships,,,Event,event_conference,marketing qualified lead,open,false,0,
743,roberto.rivera30@alimentacionsolutions.com.ar,Roberto,Rivera,Perú,Lima,Alimentación,70,4071405,Compensation & Benefits Manager,Manager,lost,New Business,Inbound,10655,2024-04-06,Google,google_paid_display,lead,unqualified,true,3,8
744,gustavo.mendoza71@construccionsa.com.ar,Gustavo,Mendoza,Colombia,Bogotá,Construcción,5884,177601177,Organizational Development Specialist,Technical,decision maker engaged,New Business,Outbound,9622,2024-11-22,Instagram,instagram_paid_reels,sales qualified lead,open deal,false,0,
745,paola.medina73@manufacturasolutions.mx,Paola,Medina,Brasil,Curitiba,Manufactura,8934,571971554,Compensation & Benefits Manager,Manager,decision maker engaged,New Business,Enterprise,9488,2024-09-15,LinkedIn,linkedin_paid_retargeting,sales qualified lead,open deal,false,0,
746,pablo.navarro13@retailsrl.com.ar,Pablo,Navarro,México,Puebla,Retail,6498,524000282,HR Generalist,IC,lead,New Business,Outbound,,,Facebook,facebook_paid_retargeting,lead,open,false,0,
747,elena.aguilar74@outlook.com,Elena,Aguilar,Chile,Santiago,Tecnología,122,5319118,Compensation & Benefits Manager,Manager,prequalified,New Business,Inbound,,,LinkedIn,linkedin_paid_awareness,marketing qualified lead,in progress,true,1,8
748,paola.mendoza15@finanzassolutions.cl,Paola,Mendoza,España,Bilbao,Finanzas,392,34403423,HR Technology Consultant,Technical,approaching,New Business,Outbound,,,Google,google_paid_display,lead,open,false,0,
749,patricia.gomez7@retailtech.cl,Patricia,Gómez,Colombia,Cali,Retail,22,1315359,HR Business Partner,Manager,lost,New Business,Partnerships,11209,2025-01-30,Organic,organic_seo,lead,unqualified,true,1,2
750,andrea.suarez99@telecomunicacionessrl.com,Andrea,Suárez,Chile,La Serena,Telecomunicaciones,985,73069794,HR Coordinator,IC,lost,New Business,Enterprise,25026,2026-10-23,Referral,referral_organic,lead,unqualified,true,5,10
751,andrea.ruiz99@saludsolutions.co,Andrea,Ruiz,España,Barcelona,Salud,709,168433287,Benefits Coordinator,IC,champion engaged,New Business,Outbound,23022,,Referral,referral_organic,sales qualified lead,open deal,true,2,40
752,andrea.ortiz3@retailtech.cl,Andrea,Ortiz,Argentina,Tucumán,Retail,903,73737502,Operations Manager,Manager,champion engaged,New Business,Outbound,5067,,Google,google_paid_display,sales qualified lead,open deal,false,0,
753,rodrigo.jimenez85@outlook.com,Rodrigo,Jiménez,Colombia,Barranquilla,Alimentación,324,44012439,VP of Operations,C-Level / VP,prequalified,New Business,Inbound,,,Facebook,facebook_paid_retargeting,marketing qualified lead,open,false,0,
754,ricardo.ramirez77@manufacturatech.cl,Ricardo,Ramírez,Argentina,Tucumán,Manufactura,475,65611701,HR Manager,Manager,approaching,New Business,Inbound,,,Organic,organic_seo,lead,new,false,0,
755,diego.reyes60@telecomunicacionesgroup.com.ar,Diego,Reyes,Colombia,Bogotá,Telecomunicaciones,186,3153469,People Analytics Specialist,Technical,prequalified,New Business,Inbound,,,Referral,referral_organic,marketing qualified lead,open,false,0,
756,laura.gonzalez45@outlook.com,Laura,González,México,Monterrey,Retail,299,25099569,CEO,C-Level / VP,demo,New Business,Inbound,16465,,LinkedIn,linkedin_paid_awareness,sales qualified lead,open deal,false,0,
757,valentina.lopez98@alimentacionsa.co,Valentina,López,España,Bilbao,Alimentación,30,1017554,Talent Acquisition Specialist,IC,demo,New Business,Outbound,10233,,LinkedIn,linkedin_paid_retargeting,sales qualified lead,open deal,false,0,
758,miguel.aguilar98@construccionsa.co,Miguel,Aguilar,España,Madrid,Construcción,155,16786367,Benefits Coordinator,IC,pilot,New Business,Partnerships,4294,2024-03-08,Instagram,instagram_paid_feed,opportunity,open deal,true,5,13
759,pablo.rodriguez63@gmail.com,Pablo,Rodríguez,España,Bilbao,Alimentación,353,19643510,HR Assistant,IC,won,New Business,Inbound,6924,2026-12-15,Instagram,instagram_paid_feed,customer,open deal,true,5,14
760,nicolas.ruiz85@logisticasa.com,Nicolás,Ruiz,México,Puebla,Logística,23,2354877,Benefits Coordinator,IC,final negotiation,New Business,Outbound,13674,2024-05-18,Instagram,instagram_paid_reels,opportunity,open deal,true,5,3
761,javier.perez69@gmail.com,Javier,Pérez,España,Sevilla,Educación,34,2992156,VP of Operations,C-Level / VP,lost,New Business,Partnerships,32950,2026-09-13,Google,google_paid_performance_max,lead,unqualified,true,4,41
762,miguel.gonzalez63@saludsa.cl,Miguel,González,Brasil,Belo Horizonte,Salud,171,13206664,HR Business Partner,Manager,approaching,New Business,Partnerships,,,Instagram,instagram_paid_reels,lead,open,false,0,
763,carlos.vega27@saludinc.com.ar,Carlos,Vega,España,Madrid,Salud,34,1888059,Benefits Coordinator,IC,lead,New Business,Partnerships,,,Instagram,instagram_paid_feed,lead,open,false,0,
764,jimena.perez92@construccionsrl.mx,Jimena,Pérez,Brasil,Porto Alegre,Construcción,8626,856495058,Talent Acquisition Specialist,IC,pilot,New Business,Enterprise,12908,2024-09-04,Facebook,facebook_paid_lookalike,opportunity,open deal,true,4,33
765,agustin.gonzalez67@saludsrl.com,Agustín,González,México,Guadalajara,Salud,989,84728706,VP of Human Resources,C-Level / VP,demo,New Business,Outbound,36017,,Google,google_paid_display,sales qualified lead,open deal,false,0,
766,fernando.jimenez57@gmail.com,Fernando,Jiménez,Colombia,Medellín,Retail,8866,938995077,People Manager,Manager,decision maker engaged,New Business,Outbound,16731,2026-02-03,Organic,organic_seo,sales qualified lead,open deal,true,1,17
767,santiago.vargas71@manufacturacorp.com,Santiago,Vargas,Argentina,Tucumán,Manufactura,387,45309016,HR Director,Manager,demo,New Business,Partnerships,9060,,LinkedIn,linkedin_paid_awareness,sales qualified lead,open deal,true,5,28
768,ana.munoz57@construcciontech.com.ar,Ana,Muñoz,Chile,Antofagasta,Construcción,698,85159872,COO,C-Level / VP,champion engaged,New Business,Enterprise,146402,,Google,google_paid_display,sales qualified lead,open deal,false,0,
769,sergio.herrera20@logisticacorp.cl,Sergio,Herrera,España,Sevilla,Logística,215,62934136,CFO,C-Level / VP,decision maker engaged,New Business,Inbound,26712,2026-12-15,LinkedIn,linkedin_paid_conversion,sales qualified lead,open deal,true,1,36
770,claudia.ramirez44@educacionsa.mx,Claudia,Ramírez,Perú,Trujillo,Educación,197,18756913,HR Director,Manager,prequalified,New Business,Outbound,,,Organic,organic_seo,marketing qualified lead,open,false,0,
771,elena.rodriguez45@manufacturasolutions.com,Elena,Rodríguez,Argentina,Córdoba,Manufactura,795,89459933,HRIS Specialist,Technical,discovery,New Business,Outbound,,,Facebook,facebook_paid_lookalike,marketing qualified lead,in progress,false,0,
772,miguel.vega7@finanzassa.mx,Miguel,Vega,Argentina,Córdoba,Finanzas,230,44012837,HR Assistant,IC,final negotiation,New Business,Inbound,11070,2024-01-25,Facebook,facebook_paid_retargeting,opportunity,open deal,false,0,
773,fernando.jimenez81@telecomunicacionessa.cl,Fernando,Jiménez,México,Tijuana,Telecomunicaciones,24,3082736,Talent Acquisition Manager,Manager,won,Upsell,Outbound,11578,2026-04-12,Instagram,instagram_paid_reels,customer,open deal,false,0,
774,natalia.romero62@construccioncorp.co,Natalia,Romero,México,Ciudad de México,Construcción,3730,377306493,HR Analyst,IC,approaching,New Business,Outbound,,,Facebook,facebook_paid_prospecting,lead,new,true,2,9
775,laura.gonzalez71@educaciontech.mx,Laura,González,Chile,Concepción,Educación,204,39777700,Talent Acquisition Manager,Manager,prequalified,New Business,Outbound,,,Instagram,instagram_paid_reels,marketing qualified lead,open,true,3,27
776,alejandro.suarez2@construcciontech.co,Alejandro,Suárez,Chile,La Serena,Construcción,21,2449074,HR Consultant,Technical,prequalified,New Business,Inbound,,,Event,event_demo_day,marketing qualified lead,in progress,false,0,
777,fernando.mendoza54@educaciontech.cl,Fernando,Mendoza,Brasil,Rio de Janeiro,Educación,997,145410441,HR Technology Consultant,Technical,decision maker engaged,New Business,Enterprise,12031,2026-05-20,Facebook,facebook_paid_lookalike,sales qualified lead,open deal,true,6,29
778,miguel.sanchez93@outlook.com,Miguel,Sánchez,Argentina,Mendoza,Alimentación,129,17214936,Workforce Manager,Manager,won,New Business,Inbound,9676,2026-09-30,Google,google_paid_performance_max,customer,open deal,true,5,30
779,carolina.martinez58@outlook.com,Carolina,Martínez,España,Barcelona,Finanzas,90,3613713,HR Assistant,IC,demo,New Business,Inbound,4306,,LinkedIn,linkedin_paid_awareness,sales qualified lead,open deal,true,3,16
780,sergio.romero53@manufacturagroup.mx,Sergio,Romero,España,Sevilla,Manufactura,45,2222027,HR Technology Consultant,Technical,champion engaged,New Business,Partnerships,5769,,Google,google_paid_display,sales qualified lead,open deal,true,3,5
781,sergio.navarro69@finanzascorp.mx,Sergio,Navarro,España,Valencia,Finanzas,282,65910058,Recruiter,IC,won,New Business,Inbound,11666,2025-03-08,Event,event_webinar,customer,open deal,true,6,2
782,pablo.jimenez82@construccionsa.co,Pablo,Jiménez,Colombia,Medellín,Construcción,460,25111490,Training Manager,Manager,lead,New Business,Outbound,,,Instagram,instagram_paid_feed,lead,new,false,0,
783,daniela.reyes69@saludsa.mx,Daniela,Reyes,Perú,Arequipa,Salud,470,75488478,People Operations Manager,Manager,lead,New Business,Inbound,,,Instagram,instagram_paid_stories,lead,open,false,0,
784,matias.ramos17@manufacturasrl.cl,Matías,Ramos,Chile,La Serena,Manufactura,955,91788753,Founder & CEO,C-Level / VP,discovery,New Business,Outbound,,,Google,google_paid_performance_max,marketing qualified lead,open,false,0,
785,jorge.martinez25@retailcorp.mx,Jorge,Martínez,Colombia,Cali,Retail,387,63765557,People Analytics Specialist,Technical,demo,New Business,Inbound,4939,,Facebook,facebook_paid_retargeting,sales qualified lead,open deal,false,0,
786,paola.gonzalez64@educaciongroup.cl,Paola,González,Perú,Trujillo,Educación,308,49576329,HR Systems Architect,Technical,discovery,New Business,Inbound,,,LinkedIn,linkedin_paid_awareness,marketing qualified lead,open,false,0,
787,valentina.torres28@retailgroup.cl,Valentina,Torres,México,Puebla,Retail,985,73956098,HR Business Partner,Manager,final negotiation,New Business,Outbound,44634,2025-01-29,LinkedIn,linkedin_paid_conversion,opportunity,open deal,false,0,
788,jorge.alvarez66@saludgroup.co,Jorge,Álvarez,México,Guadalajara,Salud,172,17431972,Benefits Coordinator,IC,approaching,New Business,Inbound,,,LinkedIn,linkedin_paid_awareness,lead,open,false,0,
789,agustin.rodriguez22@telecomunicacionesgroup.com.ar,Agustín,Rodríguez,Chile,La Serena,Telecomunicaciones,632,187515142,People Operations Coordinator,IC,won,Upsell,Enterprise,43470,2024-06-25,Google,google_paid_display,customer,open deal,false,0,
790,valentina.ruiz71@finanzascorp.cl,Valentina,Ruiz,Brasil,São Paulo,Finanzas,7440,328143135,Training Manager,Manager,demo,New Business,Outbound,36557,,Referral,referral_organic,sales qualified lead,open deal,false,0,
791,matias.martinez89@retailcorp.co,Matías,Martínez,Brasil,Curitiba,Retail,996,57798348,HR Consultant,Technical,demo,New Business,Enterprise,13174,,Organic,organic_seo,sales qualified lead,open deal,true,4,41
792,fernando.ramirez63@gmail.com,Fernando,Ramírez,España,Sevilla,Manufactura,242,25065902,HR Manager,Manager,champion engaged,New Business,Partnerships,3911,,Google,google_paid_display,sales qualified lead,open deal,false,0,
793,jorge.herrera52@outlook.com,Jorge,Herrera,Perú,Chiclayo,Educación,35,2766874,VP of Operations,C-Level / VP,won,New Business,Inbound,26930,2026-04-16,LinkedIn,linkedin_paid_awareness,customer,open deal,true,6,13
794,agustin.sanchez29@tecnologiacorp.com,Agustín,Sánchez,Chile,Antofagasta,Tecnología,680,176002925,HR Generalist,IC,approaching,New Business,Outbound,,,Google,google_paid_display,lead,open,false,0,
795,rodrigo.ramos80@outlook.com,Rodrigo,Ramos,Argentina,Córdoba,Telecomunicaciones,428,25071996,Payroll Analyst,IC,approaching,New Business,Outbound,,,Google,google_paid_performance_max,lead,new,false,0,
796,patricia.sanchez91@manufacturasa.com.ar,Patricia,Sánchez,México,Tijuana,Manufactura,34,1077620,People Manager,Manager,won,Upsell,Inbound,7414,2026-02-10,Event,event_conference,customer,open deal,true,8,9
797,maria.torres24@alimentaciongroup.cl,María,Torres,Argentina,Mendoza,Alimentación,8390,238055452,Benefits Coordinator,IC,champion engaged,New Business,Enterprise,8163,,Facebook,facebook_paid_lookalike,sales qualified lead,open deal,true,6,19
798,monica.gomez82@outlook.com,Monica,Gómez,Colombia,Bogotá,Salud,712,155484952,People Operations Coordinator,IC,champion engaged,New Business,Enterprise,16649,,Instagram,instagram_paid_feed,sales qualified lead,open deal,true,3,32
799,andrea.chavez41@telecomunicacionesgroup.co,Andrea,Chávez,México,Ciudad de México,Telecomunicaciones,6105,306257503,HR Business Partner,Manager,lost,New Business,Enterprise,13388,2026-07-29,LinkedIn,linkedin_paid_conversion,lead,unqualified,true,2,29
800,jimena.rodriguez24@construccionsa.co,Jimena,Rodríguez,Chile,La Serena,Construcción,156,10064493,Workforce Manager,Manager,decision maker engaged,New Business,Partnerships,6644,2026-10-20,Google,google_paid_display,sales qualified lead,open deal,false,0,
801,valentina.aguilar24@retailsolutions.com,Valentina,Aguilar,Brasil,Rio de Janeiro,Retail,4914,806868773,HR Analyst,IC,pilot,New Business,Outbound,13873,2026-04-24,Facebook,facebook_paid_lookalike,opportunity,open deal,false,0,
802,rafael.ortiz24@saludsrl.com,Rafael,Ortiz,Argentina,Tucumán,Salud,896,102391505,Operations Manager,Manager,lost,New Business,Enterprise,38514,2024-02-06,Google,google_paid_performance_max,lead,unqualified,true,6,26
803,andres.suarez1@construccioninc.mx,Andrés,Suárez,Chile,Valparaíso,Construcción,465,64960376,People Operations Coordinator,IC,discovery,New Business,Inbound,,,Instagram,instagram_paid_feed,marketing qualified lead,open,false,0,
804,jorge.romero18@tecnologiagroup.mx,Jorge,Romero,España,Valencia,Tecnología,201,52091936,HR Assistant,IC,demo,New Business,Inbound,8170,,LinkedIn,linkedin_paid_conversion,sales qualified lead,open deal,true,2,26
805,laura.gutierrez76@alimentaciontech.com,Laura,Gutiérrez,Perú,Piura,Alimentación,671,95452979,Chief People Officer,C-Level / VP,champion engaged,New Business,Enterprise,95407,,LinkedIn,linkedin_paid_retargeting,sales qualified lead,open deal,true,6,42
806,andres.suarez19@gmail.com,Andrés,Suárez,España,Bilbao,Salud,92,18061059,HR Business Partner,Manager,prequalified,New Business,Inbound,,,Instagram,instagram_paid_stories,marketing qualified lead,in progress,false,0,
807,ana.rojas48@alimentaciontech.cl,Ana,Rojas,Chile,Santiago,Alimentación,1473,674231587,Talent Acquisition Specialist,IC,won,New Business,Enterprise,11508,2025-10-26,Google,google_paid_search,customer,open deal,true,4,35
808,valeria.diaz74@retailsa.co,Valeria,Díaz,México,Guadalajara,Retail,311,74721685,Training Manager,Manager,discovery,New Business,Inbound,,,Google,google_paid_display,marketing qualified lead,in progress,false,0,
809,diego.chavez83@gmail.com,Diego,Chávez,Colombia,Barranquilla,Logística,826,165289992,HR Analyst,IC,demo,New Business,Enterprise,15375,,Facebook,facebook_paid_retargeting,sales qualified lead,open deal,false,0,
810,andrea.medina26@alimentacionsa.com.ar,Andrea,Medina,España,Barcelona,Alimentación,167,15769140,HR Consultant,Technical,discovery,New Business,Inbound,,,Google,google_paid_display,marketing qualified lead,open,false,0,
811,maria.ramirez63@manufacturasrl.com.ar,María,Ramírez,Argentina,Córdoba,Manufactura,495,56092100,People Manager,Manager,final negotiation,New Business,Outbound,9644,2025-11-26,Instagram,instagram_paid_feed,opportunity,open deal,true,3,30
812,jimena.gonzalez73@outlook.com,Jimena,González,Chile,Santiago,Manufactura,811,129636212,HR Business Partner,Manager,lost,New Business,Outbound,6194,2026-08-02,LinkedIn,linkedin_paid_awareness,lead,unqualified,true,6,15
813,rafael.hernandez8@retailtech.mx,Rafael,Hernández,México,Guadalajara,Retail,34,3755572,Employee Experience Manager,Manager,pilot,New Business,Partnerships,9977,2026-05-09,LinkedIn,linkedin_paid_conversion,opportunity,open deal,true,4,4
814,agustin.vega84@logisticacorp.cl,Agustín,Vega,Brasil,São Paulo,Logística,93,15406150,VP of People,C-Level / VP,decision maker engaged,New Business,Outbound,20038,2024-02-26,Facebook,facebook_paid_prospecting,sales qualified lead,open deal,true,7,6
815,alejandro.reyes47@logisticatech.com,Alejandro,Reyes,Colombia,Cartagena,Logística,167,16929569,Benefits Coordinator,IC,discovery,New Business,Outbound,,,Instagram,instagram_paid_stories,marketing qualified lead,in progress,false,0,
816,roberto.vega99@gmail.com,Roberto,Vega,Brasil,São Paulo,Tecnología,5036,305634204,Director General,C-Level / VP,prequalified,New Business,Outbound,,,LinkedIn,linkedin_paid_conversion,marketing qualified lead,in progress,false,0,
817,gustavo.castro55@educaciongroup.cl,Gustavo,Castro,España,Valencia,Educación,9829,221924761,Recruiter,IC,approaching,New Business,Outbound,,,Referral,referral_organic,lead,new,false,0,
818,nicolas.herrera38@alimentacionsrl.com.ar,Nicolás,Herrera,España,Valencia,Alimentación,53,8450668,HRIS Specialist,Technical,discovery,New Business,Outbound,,,Facebook,facebook_paid_lookalike,marketing qualified lead,in progress,true,2,22
819,ana.cabrera42@alimentacioncorp.mx,Ana,Cabrera,Brasil,Porto Alegre,Alimentación,181,17574876,HR Analyst,IC,approaching,New Business,Partnerships,,,Referral,referral_organic,lead,new,false,0,
820,sofia.vargas9@logisticainc.cl,Sofía,Vargas,México,Monterrey,Logística,568,181457683,HRIS Specialist,Technical,lead,New Business,Enterprise,,,Instagram,instagram_paid_reels,lead,open,false,0,
821,pablo.munoz87@gmail.com,Pablo,Muñoz,Chile,Santiago,Salud,351,52977639,Employee Experience Manager,Manager,approaching,New Business,Inbound,,,Instagram,instagram_paid_feed,lead,new,false,0,
822,eduardo.cruz91@outlook.com,Eduardo,Cruz,España,Madrid,Logística,939,191931000,HR Business Partner,Manager,discovery,New Business,Outbound,,,LinkedIn,linkedin_paid_awareness,marketing qualified lead,open,false,0,
823,monica.ramirez70@outlook.com,Monica,Ramírez,Colombia,Cartagena,Alimentación,298,15449359,CFO,C-Level / VP,champion engaged,New Business,Outbound,28333,,Organic,organic_seo,sales qualified lead,open deal,false,0,
824,natalia.jimenez92@alimentacioncorp.com,Natalia,Jiménez,España,Barcelona,Alimentación,645,196355548,People Analytics Specialist,Technical,lost,New Business,Outbound,27206,2026-08-01,Google,google_paid_performance_max,lead,bad timing,true,6,14
825,martin.vargas19@gmail.com,Martín,Vargas,Argentina,Buenos Aires,Construcción,5420,180550246,Benefits Coordinator,IC,won,New Business,Enterprise,15273,2026-12-16,Instagram,instagram_paid_stories,customer,open deal,true,2,33
826,patricia.castro18@logisticatech.com.ar,Patricia,Castro,España,Valencia,Logística,9554,444091303,Founder & CEO,C-Level / VP,lost,New Business,Enterprise,118872,2025-04-11,LinkedIn,linkedin_paid_retargeting,lead,bad timing,true,5,39
827,claudia.flores86@educacionsolutions.co,Claudia,Flores,Chile,Valparaíso,Educación,452,15860867,Payroll Analyst,IC,champion engaged,New Business,Partnerships,6973,,Organic,organic_seo,sales qualified lead,open deal,true,2,38
828,rodrigo.romero58@retailtech.com,Rodrigo,Romero,España,Sevilla,Retail,645,74821514,Recruiter,IC,lost,New Business,Outbound,16239,2025-10-23,Instagram,instagram_paid_reels,lead,unqualified,true,2,13
829,camila.rivera16@alimentaciontech.cl,Camila,Rivera,Perú,Arequipa,Alimentación,864,131143706,People Operations Coordinator,IC,won,New Business,Outbound,12712,2026-09-04,Google,google_paid_performance_max,customer,open deal,true,4,8
830,nicolas.hernandez93@manufacturacorp.cl,Nicolás,Hernández,Argentina,Tucumán,Manufactura,629,167872451,People Operations Coordinator,IC,approaching,New Business,Outbound,,,Facebook,facebook_paid_retargeting,lead,new,false,0,
831,rodrigo.suarez28@gmail.com,Rodrigo,Suárez,Argentina,Córdoba,Alimentación,231,68142147,Compensation & Benefits Manager,Manager,approaching,New Business,Inbound,,,Facebook,facebook_paid_retargeting,lead,open,false,0,
832,eduardo.sanchez92@gmail.com,Eduardo,Sánchez,Argentina,Tucumán,Construcción,168,7522181,Talent Acquisition Specialist,IC,approaching,New Business,Inbound,,,Referral,referral_organic,lead,new,false,0,
833,isabella.cabrera39@finanzasinc.com.ar,Isabella,Cabrera,España,Barcelona,Finanzas,993,84473171,HR Consultant,Technical,pilot,New Business,Enterprise,17202,2025-11-15,LinkedIn,linkedin_paid_awareness,opportunity,open deal,true,1,30
834,rafael.herrera66@alimentaciongroup.co,Rafael,Herrera,Argentina,Mendoza,Alimentación,451,55773070,Talent Acquisition Manager,Manager,prequalified,New Business,Partnerships,,,Facebook,facebook_paid_lookalike,marketing qualified lead,open,false,0,
835,laura.munoz38@logisticatech.co,Laura,Muñoz,Colombia,Medellín,Logística,254,72783261,HR Coordinator,IC,final negotiation,New Business,Outbound,11106,2025-10-13,Instagram,instagram_paid_feed,opportunity,open deal,true,7,32
836,vanessa.ramirez3@outlook.com,Vanessa,Ramírez,Colombia,Cartagena,Salud,291,36373589,Compensation & Benefits Manager,Manager,approaching,New Business,Outbound,,,Facebook,facebook_paid_lookalike,lead,new,false,0,
837,pablo.romero87@outlook.com,Pablo,Romero,México,Puebla,Finanzas,159,5694465,People Operations Coordinator,IC,prequalified,New Business,Partnerships,,,Facebook,facebook_paid_retargeting,marketing qualified lead,in progress,false,0,
838,carolina.navarro88@gmail.com,Carolina,Navarro,México,Puebla,Manufactura,2445,340579509,HR Assistant,IC,lost,New Business,Enterprise,28666,2024-11-02,Instagram,instagram_paid_feed,lead,bad timing,true,1,17
839,agustin.herrera88@finanzastech.mx,Agustín,Herrera,México,Puebla,Finanzas,765,160041443,Payroll Analyst,IC,demo,New Business,Enterprise,7269,,Instagram,instagram_paid_feed,sales qualified lead,open deal,true,4,11
840,sergio.flores64@finanzassrl.com,Sergio,Flores,España,Barcelona,Finanzas,3009,523562400,People Operations Coordinator,IC,prequalified,New Business,Outbound,,,Referral,referral_organic,marketing qualified lead,in progress,false,0,
841,martin.reyes79@manufacturasrl.com,Martín,Reyes,España,Barcelona,Manufactura,5141,973181607,Payroll Manager,Manager,decision maker engaged,New Business,Enterprise,41294,2025-10-01,LinkedIn,linkedin_paid_awareness,sales qualified lead,open deal,true,4,22
842,luis.cruz9@manufacturasrl.com,Luis,Cruz,Colombia,Cali,Manufactura,912,165099881,CFO,C-Level / VP,champion engaged,New Business,Outbound,31769,,LinkedIn,linkedin_paid_retargeting,sales qualified lead,open deal,true,1,42
843,laura.suarez95@retailsa.com.ar,Laura,Suárez,Chile,La Serena,Retail,97,3085005,Talent Acquisition Manager,Manager,won,Expansion,Partnerships,11578,2024-12-11,Facebook,facebook_paid_prospecting,customer,open deal,true,5,17
844,gustavo.romero35@retailsolutions.mx,Gustavo,Romero,Brasil,Curitiba,Retail,443,25481240,HR Consultant,Technical,lost,New Business,Partnerships,10215,2026-03-17,LinkedIn,linkedin_paid_conversion,lead,bad timing,true,8,3
845,santiago.perez61@telecomunicacionescorp.com,Santiago,Pérez,Argentina,Mendoza,Telecomunicaciones,403,65829740,HR Analyst,IC,won,New Business,Outbound,12791,2026-04-05,Facebook,facebook_paid_lookalike,customer,open deal,true,1,33
846,javier.ortiz39@educaciongroup.com,Javier,Ortiz,México,Tijuana,Educación,37,3202798,HR Analyst,IC,demo,New Business,Partnerships,9724,,Instagram,instagram_paid_feed,sales qualified lead,open deal,true,5,45
847,elena.sanchez36@finanzasinc.co,Elena,Sánchez,España,Bilbao,Finanzas,480,42727945,HR Manager,Manager,lead,New Business,Outbound,,,Facebook,facebook_paid_lookalike,lead,open,false,0,
848,isabella.castro29@telecomunicacionessolutions.co,Isabella,Castro,México,Puebla,Telecomunicaciones,5971,232550945,Recruiter,IC,prequalified,New Business,Outbound,,,Instagram,instagram_paid_reels,marketing qualified lead,open,true,1,40
849,santiago.hernandez66@saludinc.co,Santiago,Hernández,Brasil,Porto Alegre,Salud,825,102642665,HR Analyst,IC,champion engaged,New Business,Outbound,24200,,Organic,organic_seo,sales qualified lead,open deal,true,6,27
850,maria.gutierrez73@telecomunicacionesinc.co,María,Gutiérrez,Argentina,Rosario,Telecomunicaciones,6332,871713669,People Operations Coordinator,IC,pilot,New Business,Outbound,7365,2026-10-12,Google,google_paid_performance_max,opportunity,open deal,true,8,13
851,martin.ramirez92@logisticasa.cl,Martín,Ramírez,Argentina,Mendoza,Logística,124,13660373,Payroll Analyst,IC,won,New Business,Outbound,7895,2024-02-29,Instagram,instagram_paid_stories,customer,open deal,true,7,2
852,paola.cruz92@manufacturasolutions.com,Paola,Cruz,Perú,Arequipa,Manufactura,478,18350545,HR Systems Architect,Technical,lead,New Business,Outbound,,,Facebook,facebook_paid_retargeting,lead,open,false,0,
853,camila.ortiz9@outlook.com,Camila,Ortiz,Chile,Santiago,Logística,54,5508085,CEO,C-Level / VP,won,New Business,Partnerships,13564,2024-01-02,LinkedIn,linkedin_paid_conversion,customer,open deal,true,5,22
854,jorge.gomez87@telecomunicacionessa.com,Jorge,Gómez,México,Ciudad de México,Telecomunicaciones,51,16979290,HR Business Partner,Manager,decision maker engaged,New Business,Partnerships,4767,2024-12-17,LinkedIn,linkedin_paid_conversion,sales qualified lead,open deal,false,0,
855,lucia.suarez37@outlook.com,Lucía,Suárez,Brasil,Rio de Janeiro,Alimentación,318,46638977,People Operations Coordinator,IC,final negotiation,New Business,Partnerships,13074,2025-03-04,Facebook,facebook_paid_retargeting,opportunity,open deal,true,8,7
856,laura.torres3@retailsolutions.mx,Laura,Torres,Perú,Arequipa,Retail,471,42327352,HR Coordinator,IC,won,New Business,Outbound,6055,2026-04-21,Facebook,facebook_paid_prospecting,customer,open deal,true,1,15
857,hernan.cruz8@logisticainc.mx,Hernán,Cruz,Brasil,Porto Alegre,Logística,136,13800913,Organizational Development Specialist,Technical,champion engaged,New Business,Partnerships,8681,,LinkedIn,linkedin_paid_retargeting,sales qualified lead,open deal,false,0,
858,ana.ramos64@educacioninc.mx,Ana,Ramos,Colombia,Cali,Educación,32,4010619,Payroll Manager,Manager,lost,New Business,Outbound,14003,2025-07-07,Referral,referral_organic,lead,unqualified,true,4,28
859,ricardo.castro66@logisticagroup.com,Ricardo,Castro,Argentina,Rosario,Logística,6823,131948701,Benefits Coordinator,IC,won,New Business,Outbound,25250,2026-04-01,LinkedIn,linkedin_paid_conversion,customer,open deal,true,7,16
860,eduardo.munoz71@alimentacionsrl.com.ar,Eduardo,Muñoz,Argentina,Rosario,Alimentación,451,13050985,HR Analyst,IC,won,New Business,Inbound,12427,2024-07-19,Facebook,facebook_paid_lookalike,customer,open deal,true,8,42
861,jimena.herrera41@tecnologiacorp.cl,Jimena,Herrera,Colombia,Cartagena,Tecnología,4474,450850417,HR Coordinator,IC,champion engaged,New Business,Enterprise,12023,,LinkedIn,linkedin_paid_awareness,sales qualified lead,open deal,false,0,
862,diego.gomez50@finanzassrl.com.ar,Diego,Gómez,Chile,Valparaíso,Finanzas,110,3202261,People Manager,Manager,lead,New Business,Outbound,,,Event,event_webinar,lead,open,false,0,
863,roberto.suarez44@educaciontech.cl,Roberto,Suárez,Brasil,Curitiba,Educación,166,7719669,HR Manager,Manager,lost,New Business,Partnerships,12061,2025-03-18,Referral,referral_organic,lead,unqualified,true,8,7
864,patricia.navarro10@finanzassolutions.mx,Patricia,Navarro,Brasil,Belo Horizonte,Finanzas,685,198606899,HR Manager,Manager,decision maker engaged,New Business,Enterprise,20108,2026-12-03,Organic,organic_seo,sales qualified lead,open deal,false,0,
865,sergio.medina64@gmail.com,Sergio,Medina,Colombia,Medellín,Finanzas,147,13864849,VP of Operations,C-Level / VP,prequalified,New Business,Outbound,,,Referral,referral_organic,marketing qualified lead,in progress,false,0,
866,rafael.herrera50@outlook.com,Rafael,Herrera,Chile,Santiago,Finanzas,129,2881072,VP of People,C-Level / VP,won,New Business,Partnerships,26968,2026-02-11,Facebook,facebook_paid_lookalike,customer,open deal,true,4,11
867,nicolas.gomez64@retailsa.mx,Nicolás,Gómez,España,Madrid,Retail,478,71271650,HRIS Specialist,Technical,won,New Business,Outbound,13977,2026-04-26,Instagram,instagram_paid_stories,customer,open deal,true,1,11
868,maria.chavez73@outlook.com,María,Chávez,Chile,Valparaíso,Retail,423,59279295,Recruiter,IC,champion engaged,New Business,Partnerships,4521,,Google,google_paid_search,sales qualified lead,open deal,false,0,
869,monica.reyes92@alimentacioninc.co,Monica,Reyes,Colombia,Barranquilla,Alimentación,32,1970437,HR Consultant,Technical,won,Expansion,Outbound,8406,2024-08-30,Facebook,facebook_paid_lookalike,customer,open deal,true,5,31
870,rodrigo.garcia92@telecomunicacionessrl.cl,Rodrigo,García,Chile,Concepción,Telecomunicaciones,28,625364,HR Business Partner,Manager,lost,New Business,Inbound,7605,2026-05-17,Google,google_paid_display,lead,bad timing,true,7,37
871,fernando.torres6@finanzasinc.co,Fernando,Torres,España,Madrid,Finanzas,20,4938193,HR Manager,Manager,lead,New Business,Outbound,,,Facebook,facebook_paid_retargeting,lead,open,false,0,
872,camila.gutierrez75@telecomunicacionesinc.mx,Camila,Gutiérrez,México,Tijuana,Telecomunicaciones,188,14072667,Talent Acquisition Specialist,IC,won,New Business,Outbound,12169,2025-02-02,Google,google_paid_search,customer,open deal,true,1,7
873,lucia.cruz43@saludsrl.mx,Lucía,Cruz,Brasil,São Paulo,Salud,157,3221428,Employee Experience Manager,Manager,discovery,New Business,Outbound,,,LinkedIn,linkedin_paid_conversion,marketing qualified lead,open,true,1,5
874,luis.vargas71@educacioncorp.com.ar,Luis,Vargas,Colombia,Cartagena,Educación,43,2326301,People Operations Coordinator,IC,lead,New Business,Inbound,,,Facebook,facebook_paid_prospecting,lead,new,false,0,
875,maria.ruiz25@educacionsrl.co,María,Ruiz,España,Bilbao,Educación,155,18592221,Workforce Planning Analyst,Technical,final negotiation,New Business,Partnerships,13957,2024-09-21,Facebook,facebook_paid_lookalike,opportunity,open deal,true,6,19
876,sergio.ramos20@gmail.com,Sergio,Ramos,Perú,Piura,Educación,3134,279094306,Talent Acquisition Manager,Manager,discovery,New Business,Outbound,,,Referral,referral_organic,marketing qualified lead,open,false,0,
877,eduardo.gomez12@outlook.com,Eduardo,Gómez,Chile,Antofagasta,Manufactura,720,167445011,Founder & CEO,C-Level / VP,decision maker engaged,New Business,Enterprise,93347,2024-12-09,LinkedIn,linkedin_paid_awareness,sales qualified lead,open deal,false,0,
878,gabriela.sanchez56@gmail.com,Gabriela,Sánchez,Brasil,Rio de Janeiro,Salud,188,8498548,Talent Acquisition Manager,Manager,prequalified,New Business,Outbound,,,Facebook,facebook_paid_lookalike,marketing qualified lead,open,false,0,
879,vanessa.flores94@finanzassolutions.cl,Vanessa,Flores,México,Monterrey,Finanzas,2606,861200300,Training Manager,Manager,lead,New Business,Enterprise,,,Instagram,instagram_paid_reels,lead,new,false,0,
880,miguel.ruiz97@outlook.com,Miguel,Ruiz,Argentina,Córdoba,Salud,804,188672633,HR Analyst,IC,approaching,New Business,Outbound,,,Instagram,instagram_paid_stories,lead,new,false,0,
881,santiago.herrera22@construccionsa.cl,Santiago,Herrera,Chile,Valparaíso,Construcción,264,17433066,Workforce Manager,Manager,lost,New Business,Partnerships,14273,2025-09-10,Event,event_demo_day,lead,bad timing,true,2,3
882,nicolas.hernandez62@construcciontech.mx,Nicolás,Hernández,Argentina,Córdoba,Construcción,10,2902496,Talent Acquisition Manager,Manager,demo,New Business,Inbound,3851,,LinkedIn,linkedin_paid_retargeting,sales qualified lead,open deal,true,1,33
883,fernando.morales18@retailtech.co,Fernando,Morales,Argentina,Córdoba,Retail,63,19820099,HR Assistant,IC,prequalified,New Business,Partnerships,,,Facebook,facebook_paid_prospecting,marketing qualified lead,in progress,false,0,
884,valentina.rojas92@gmail.com,Valentina,Rojas,Colombia,Medellín,Manufactura,443,16384494,Employee Experience Manager,Manager,final negotiation,New Business,Outbound,14853,2026-08-08,LinkedIn,linkedin_paid_awareness,opportunity,open deal,true,8,19
885,ricardo.gutierrez88@gmail.com,Ricardo,Gutiérrez,Brasil,Curitiba,Educación,3834,196117250,VP of Operations,C-Level / VP,lost,New Business,Outbound,32952,2024-09-27,LinkedIn,linkedin_paid_conversion,lead,bad timing,true,3,10
886,javier.reyes56@construccionsrl.cl,Javier,Reyes,España,Valencia,Construcción,376,41079019,People Operations Coordinator,IC,won,New Business,Inbound,5767,2024-11-05,Facebook,facebook_paid_lookalike,customer,open deal,true,1,18
887,elena.gonzalez30@manufacturasolutions.co,Elena,González,Brasil,Curitiba,Manufactura,945,108346507,Employee Experience Manager,Manager,lost,New Business,Enterprise,16680,2026-02-23,Facebook,facebook_paid_lookalike,lead,bad timing,true,2,39
888,matias.lopez66@retailgroup.mx,Matías,López,Brasil,Rio de Janeiro,Retail,189,8400348,CEO,C-Level / VP,won,New Business,Outbound,48604,2024-05-02,LinkedIn,linkedin_paid_conversion,customer,open deal,true,7,17
889,carolina.mendoza3@retailcorp.com,Carolina,Mendoza,Brasil,Porto Alegre,Retail,359,28673411,Director General,C-Level / VP,champion engaged,New Business,Inbound,35512,,Facebook,facebook_paid_retargeting,sales qualified lead,open deal,false,0,
890,claudia.vargas77@retailsolutions.com,Claudia,Vargas,España,Barcelona,Retail,280,39936903,HR Generalist,IC,discovery,New Business,Partnerships,,,Instagram,instagram_paid_stories,marketing qualified lead,in progress,false,0,
891,santiago.gomez64@gmail.com,Santiago,Gómez,Perú,Chiclayo,Educación,533,145998318,Chief People Officer,C-Level / VP,discovery,New Business,Enterprise,,,Referral,referral_organic,marketing qualified lead,open,true,4,23
892,gustavo.vega49@logisticatech.com,Gustavo,Vega,Colombia,Barranquilla,Logística,167,12309060,HR Director,Manager,discovery,New Business,Inbound,,,LinkedIn,linkedin_paid_retargeting,marketing qualified lead,open,false,0,
893,florencia.rivera16@finanzastech.cl,Florencia,Rivera,Argentina,Buenos Aires,Finanzas,616,62377922,Chief People Officer,C-Level / VP,lost,New Business,Outbound,25025,2024-10-01,LinkedIn,linkedin_paid_retargeting,lead,bad timing,true,5,5
894,pablo.herrera64@outlook.com,Pablo,Herrera,Brasil,São Paulo,Alimentación,409,67587715,Payroll Analyst,IC,decision maker engaged,New Business,Partnerships,7867,2024-06-21,LinkedIn,linkedin_paid_awareness,sales qualified lead,open deal,false,0,
895,fernando.cabrera52@saludsrl.com,Fernando,Cabrera,Brasil,Porto Alegre,Salud,159,3100750,HR Assistant,IC,discovery,New Business,Inbound,,,Facebook,facebook_paid_prospecting,marketing qualified lead,open,true,4,13
896,hernan.perez73@outlook.com,Hernán,Pérez,Perú,Lima,Construcción,191,8697375,Organizational Development Specialist,Technical,approaching,New Business,Outbound,,,Google,google_paid_performance_max,lead,new,false,0,
897,elena.gutierrez18@gmail.com,Elena,Gutiérrez,Chile,Valparaíso,Logística,442,65164235,HRIS Specialist,Technical,won,Expansion,Outbound,9982,2026-10-07,Event,event_demo_day,customer,open deal,true,8,21
898,patricia.ramirez93@educaciongroup.com.ar,Patricia,Ramírez,México,Guadalajara,Educación,5846,125193503,Organizational Development Specialist,Technical,prequalified,New Business,Outbound,,,Google,google_paid_display,marketing qualified lead,in progress,true,1,6
899,pablo.cruz58@retailinc.mx,Pablo,Cruz,México,Guadalajara,Retail,5423,628545177,Operations Manager,Manager,approaching,New Business,Outbound,,,Google,google_paid_display,lead,open,true,1,38
900,sergio.medina4@outlook.com,Sergio,Medina,Perú,Trujillo,Manufactura,837,135775415,HR Assistant,IC,discovery,New Business,Outbound,,,Referral,referral_organic,marketing qualified lead,open,true,2,20
901,carlos.mendoza26@gmail.com,Carlos,Mendoza,México,Monterrey,Retail,837,61221298,Talent Acquisition Manager,Manager,discovery,New Business,Outbound,,,Google,google_paid_display,marketing qualified lead,open,true,2,26
902,vanessa.flores40@logisticagroup.co,Vanessa,Flores,Perú,Chiclayo,Logística,173,17926134,Payroll Manager,Manager,champion engaged,New Business,Inbound,6285,,LinkedIn,linkedin_paid_awareness,sales qualified lead,open deal,true,4,13
903,carlos.ramirez7@tecnologiasa.cl,Carlos,Ramírez,México,Puebla,Tecnología,626,184073545,Talent Acquisition Specialist,IC,champion engaged,New Business,Outbound,8263,,LinkedIn,linkedin_paid_awareness,sales qualified lead,open deal,false,0,
904,miguel.romero67@educacioninc.com.ar,Miguel,Romero,Argentina,Buenos Aires,Educación,369,51476798,HR Technology Consultant,Technical,final negotiation,New Business,Outbound,9609,2026-07-27,Facebook,facebook_paid_prospecting,opportunity,open deal,false,0,
905,elena.vargas55@alimentacionsolutions.mx,Elena,Vargas,Colombia,Cali,Alimentación,34,2903572,HR Assistant,IC,won,New Business,Outbound,11507,2026-12-08,Instagram,instagram_paid_reels,customer,open deal,true,7,29
906,hernan.suarez45@logisticasa.com,Hernán,Suárez,Perú,Lima,Logística,9338,505178388,HR Director,Manager,final negotiation,New Business,Enterprise,17476,2026-03-19,LinkedIn,linkedin_paid_conversion,opportunity,open deal,true,1,10
907,valeria.herrera6@tecnologiatech.co,Valeria,Herrera,Perú,Arequipa,Tecnología,1342,349778219,Recruiter,IC,approaching,New Business,Enterprise,,,Google,google_paid_search,lead,new,false,0,
908,luis.vega73@retailsolutions.com,Luis,Vega,España,Barcelona,Retail,808,51128375,Training Manager,Manager,won,New Business,Enterprise,22779,2024-01-15,Facebook,facebook_paid_prospecting,customer,open deal,true,5,6
909,claudia.lopez87@manufacturatech.mx,Claudia,López,Chile,Valparaíso,Manufactura,101,13047194,People Manager,Manager,won,New Business,Partnerships,12173,2025-05-11,LinkedIn,linkedin_paid_retargeting,customer,open deal,false,0,
910,valentina.navarro16@construccionsrl.com.ar,Valentina,Navarro,Colombia,Bogotá,Construcción,7363,706802347,HR Assistant,IC,prequalified,New Business,Enterprise,,,Referral,referral_organic,marketing qualified lead,open,false,0,
911,rodrigo.herrera6@manufacturacorp.mx,Rodrigo,Herrera,Argentina,Mendoza,Manufactura,133,17796304,People Operations Coordinator,IC,lead,New Business,Outbound,,,Facebook,facebook_paid_prospecting,lead,new,false,0,
912,ricardo.torres1@gmail.com,Ricardo,Torres,Brasil,Rio de Janeiro,Retail,2089,231758358,Director General,C-Level / VP,pilot,New Business,Enterprise,38007,2024-12-11,Organic,organic_seo,opportunity,open deal,false,0,
913,valentina.ramirez21@saludtech.co,Valentina,Ramírez,Brasil,Curitiba,Salud,69,8781047,Payroll Analyst,IC,won,Upsell,Outbound,14218,2026-05-02,Instagram,instagram_paid_feed,customer,open deal,true,1,30
914,laura.munoz16@telecomunicacionessolutions.co,Laura,Muñoz,España,Madrid,Telecomunicaciones,481,72584780,HR Systems Architect,Technical,final negotiation,New Business,Partnerships,9438,2024-06-05,Facebook,facebook_paid_lookalike,opportunity,open deal,false,0,
915,eduardo.alvarez76@manufacturasrl.mx,Eduardo,Álvarez,España,Barcelona,Manufactura,178,4420761,Workforce Planning Analyst,Technical,lost,New Business,Outbound,14741,2025-02-16,LinkedIn,linkedin_paid_awareness,lead,bad timing,true,2,29
916,rodrigo.mendoza25@tecnologiagroup.co,Rodrigo,Mendoza,Perú,Piura,Tecnología,106,14786296,Benefits Coordinator,IC,decision maker engaged,New Business,Inbound,6193,2026-05-11,LinkedIn,linkedin_paid_retargeting,sales qualified lead,open deal,true,4,41
917,natalia.sanchez22@educacionsolutions.cl,Natalia,Sánchez,Perú,Trujillo,Educación,222,70792086,Workforce Planning Analyst,Technical,lost,New Business,Outbound,9534,2025-08-23,LinkedIn,linkedin_paid_conversion,lead,bad timing,true,8,5
918,laura.ramirez50@outlook.com,Laura,Ramírez,España,Valencia,Educación,143,17635509,Workforce Manager,Manager,lead,New Business,Inbound,,,Referral,referral_organic,lead,new,true,1,37
919,ana.garcia99@alimentaciongroup.co,Ana,García,México,Puebla,Alimentación,66,16472764,HR Generalist,IC,approaching,New Business,Partnerships,,,Instagram,instagram_paid_feed,lead,new,false,0,
920,veronica.herrera74@gmail.com,Verónica,Herrera,Chile,Antofagasta,Telecomunicaciones,113,11277585,People Operations Coordinator,IC,discovery,New Business,Outbound,,,LinkedIn,linkedin_paid_conversion,marketing qualified lead,open,false,0,
921,natalia.ramirez85@telecomunicacionescorp.co,Natalia,Ramírez,Brasil,Porto Alegre,Telecomunicaciones,311,45455428,HR Generalist,IC,won,New Business,Partnerships,13879,2024-06-29,Instagram,instagram_paid_stories,customer,open deal,true,4,15
922,patricia.vargas43@gmail.com,Patricia,Vargas,Perú,Piura,Finanzas,160,9813939,HR Manager,Manager,approaching,New Business,Outbound,,,Referral,referral_organic,lead,open,false,0,
923,gustavo.aguilar27@gmail.com,Gustavo,Aguilar,Perú,Chiclayo,Telecomunicaciones,176,14867517,Workforce Manager,Manager,lost,New Business,Inbound,13651,2026-10-18,Google,google_paid_display,lead,bad timing,true,5,4
924,rodrigo.gonzalez53@outlook.com,Rodrigo,González,Perú,Piura,Salud,923,184098266,People Operations Coordinator,IC,lost,New Business,Enterprise,22518,2024-04-07,Organic,organic_seo,lead,unqualified,true,1,39
925,carlos.navarro74@tecnologiasa.com.ar,Carlos,Navarro,Colombia,Cartagena,Tecnología,255,57429742,Talent Acquisition Specialist,IC,lead,New Business,Inbound,,,Facebook,facebook_paid_lookalike,lead,open,false,0,
926,maria.morales17@educacioninc.mx,María,Morales,Argentina,Buenos Aires,Educación,423,69847147,HR Consultant,Technical,champion engaged,New Business,Outbound,7119,,Organic,organic_seo,sales qualified lead,open deal,true,2,44
927,ricardo.flores31@educacioncorp.com,Ricardo,Flores,Colombia,Barranquilla,Educación,9573,202029431,People Manager,Manager,discovery,New Business,Enterprise,,,Organic,organic_seo,marketing qualified lead,open,true,4,3
928,claudia.sanchez60@retailsa.mx,Claudia,Sánchez,Brasil,Curitiba,Retail,428,74691745,VP of Human Resources,C-Level / VP,champion engaged,New Business,Inbound,17075,,Instagram,instagram_paid_feed,sales qualified lead,open deal,true,2,27
929,natalia.herrera94@outlook.com,Natalia,Herrera,Brasil,Rio de Janeiro,Logística,297,11854339,VP of People,C-Level / VP,champion engaged,New Business,Partnerships,15763,,Organic,organic_seo,sales qualified lead,open deal,false,0,
930,nicolas.vega48@manufacturatech.mx,Nicolás,Vega,España,Valencia,Manufactura,836,196583277,Talent Acquisition Specialist,IC,demo,New Business,Outbound,17285,,Organic,organic_seo,sales qualified lead,open deal,true,5,33
931,javier.cruz4@saludtech.com.ar,Javier,Cruz,México,Guadalajara,Salud,630,129774895,Operations Manager,Manager,demo,New Business,Enterprise,25360,,LinkedIn,linkedin_paid_awareness,sales qualified lead,open deal,false,0,
932,jorge.ramirez8@alimentacioninc.mx,Jorge,Ramírez,Chile,Santiago,Alimentación,592,135079617,VP of Operations,C-Level / VP,won,New Business,Enterprise,53296,2026-05-29,LinkedIn,linkedin_paid_awareness,customer,open deal,true,2,1
933,rodrigo.navarro48@outlook.com,Rodrigo,Navarro,Colombia,Barranquilla,Construcción,3817,920126744,HR Assistant,IC,discovery,New Business,Enterprise,,,Facebook,facebook_paid_retargeting,marketing qualified lead,in progress,false,0,
934,valentina.martinez36@saludsolutions.mx,Valentina,Martínez,Colombia,Bogotá,Salud,176,8669808,People Manager,Manager,decision maker engaged,New Business,Inbound,8960,2025-03-07,LinkedIn,linkedin_paid_conversion,sales qualified lead,open deal,false,0,
935,jorge.jimenez40@alimentaciongroup.co,Jorge,Jiménez,México,Guadalajara,Alimentación,262,24049500,HR Generalist,IC,lead,New Business,Partnerships,,,Facebook,facebook_paid_prospecting,lead,new,false,0,
936,gustavo.fernandez13@manufacturatech.com,Gustavo,Fernández,España,Valencia,Manufactura,277,36718045,Talent Acquisition Specialist,IC,discovery,New Business,Partnerships,,,Google,google_paid_display,marketing qualified lead,in progress,false,0,
937,javier.garcia82@alimentaciongroup.com,Javier,García,México,Monterrey,Alimentación,117,15848191,Talent Acquisition Specialist,IC,lead,New Business,Partnerships,,,Facebook,facebook_paid_retargeting,lead,open,false,0,
938,laura.reyes76@gmail.com,Laura,Reyes,Chile,La Serena,Educación,401,77210616,People Operations Manager,Manager,prequalified,New Business,Outbound,,,Instagram,instagram_paid_feed,marketing qualified lead,open,false,0,
939,jimena.cruz52@logisticatech.cl,Jimena,Cruz,Argentina,Mendoza,Logística,6221,245791491,Founder & CEO,C-Level / VP,pilot,New Business,Enterprise,32822,2026-11-11,Organic,organic_seo,opportunity,open deal,true,5,1
940,gustavo.cabrera96@telecomunicacionessrl.cl,Gustavo,Cabrera,México,Tijuana,Telecomunicaciones,31,2994886,VP of People,C-Level / VP,approaching,New Business,Partnerships,,,Facebook,facebook_paid_retargeting,lead,new,false,0,
941,carlos.martinez38@outlook.com,Carlos,Martínez,Argentina,Córdoba,Logística,40,4417836,HR Technology Consultant,Technical,discovery,New Business,Partnerships,,,LinkedIn,linkedin_paid_conversion,marketing qualified lead,open,false,0,
942,matias.munoz82@finanzastech.com.ar,Matías,Muñoz,Colombia,Bogotá,Finanzas,489,10932442,Payroll Analyst,IC,decision maker engaged,New Business,Outbound,6799,2024-06-02,Event,event_webinar,sales qualified lead,open deal,false,0,
943,luis.ramos68@saludinc.com,Luis,Ramos,Chile,La Serena,Salud,177,5715535,HR Manager,Manager,discovery,New Business,Inbound,,,Instagram,instagram_paid_feed,marketing qualified lead,in progress,false,0,
944,valeria.fernandez4@gmail.com,Valeria,Fernández,España,Madrid,Alimentación,909,158565122,Employee Experience Manager,Manager,champion engaged,New Business,Enterprise,6229,,LinkedIn,linkedin_paid_retargeting,sales qualified lead,open deal,true,2,9
945,hernan.munoz80@gmail.com,Hernán,Muñoz,México,Guadalajara,Educación,187,12380446,Training Manager,Manager,lead,New Business,Inbound,,,Event,event_webinar,lead,new,false,0,
946,matias.aguilar19@gmail.com,Matías,Aguilar,México,Tijuana,Telecomunicaciones,812,121823069,VP of People,C-Level / VP,demo,New Business,Outbound,26068,,LinkedIn,linkedin_paid_awareness,sales qualified lead,open deal,true,1,21
947,lucia.ortiz1@outlook.com,Lucía,Ortiz,Colombia,Bogotá,Retail,1499,559567261,Organizational Development Specialist,Technical,lost,New Business,Enterprise,28974,2026-12-04,Instagram,instagram_paid_reels,lead,bad timing,true,4,27
948,isabella.ruiz17@retailsolutions.co,Isabella,Ruiz,Chile,Antofagasta,Retail,1506,253976819,People Manager,Manager,won,New Business,Enterprise,33441,2026-02-11,LinkedIn,linkedin_paid_retargeting,customer,open deal,true,7,18
949,valeria.lopez6@educacioncorp.mx,Valeria,López,Colombia,Cali,Educación,909,151251239,CTO,C-Level / VP,demo,New Business,Enterprise,146391,,Event,event_demo_day,sales qualified lead,open deal,false,0,
950,eduardo.chavez20@gmail.com,Eduardo,Chávez,Colombia,Medellín,Construcción,4086,620737061,Founder & CEO,C-Level / VP,pilot,New Business,Enterprise,73906,2026-11-10,LinkedIn,linkedin_paid_awareness,opportunity,open deal,false,0,
951,florencia.mendoza1@saludsolutions.com,Florencia,Mendoza,Chile,La Serena,Salud,4376,865700116,Workforce Planning Analyst,Technical,demo,New Business,Enterprise,22785,,LinkedIn,linkedin_paid_retargeting,sales qualified lead,open deal,false,0,
952,florencia.herrera34@finanzasgroup.cl,Florencia,Herrera,México,Puebla,Finanzas,28,1258045,HR Generalist,IC,final negotiation,New Business,Outbound,5741,2026-05-02,Google,google_paid_display,opportunity,open deal,true,4,8
953,valeria.ortiz69@manufacturasrl.com.ar,Valeria,Ortiz,Argentina,Córdoba,Manufactura,29,2088028,HR Director,Manager,pilot,New Business,Partnerships,10228,2025-10-06,LinkedIn,linkedin_paid_conversion,opportunity,open deal,true,4,15
954,gustavo.vargas18@telecomunicacionessrl.co,Gustavo,Vargas,Chile,Valparaíso,Telecomunicaciones,47,4441237,People Operations Coordinator,IC,won,Upsell,Partnerships,5354,2024-08-04,Instagram,instagram_paid_feed,customer,open deal,true,5,33
955,laura.rojas73@retailinc.mx,Laura,Rojas,España,Sevilla,Retail,914,50741329,HR Systems Architect,Technical,demo,New Business,Outbound,23419,,Instagram,instagram_paid_stories,sales qualified lead,open deal,false,0,
956,rafael.sanchez79@manufacturasrl.com.ar,Rafael,Sánchez,Argentina,Tucumán,Manufactura,45,3993886,Compensation & Benefits Manager,Manager,lead,New Business,Partnerships,,,Facebook,facebook_paid_prospecting,lead,open,false,0,
957,monica.jimenez55@retailcorp.com,Monica,Jiménez,Perú,Chiclayo,Retail,2779,457946430,HR Generalist,IC,prequalified,New Business,Outbound,,,Google,google_paid_display,marketing qualified lead,in progress,false,0,
958,veronica.rivera30@finanzassolutions.mx,Verónica,Rivera,México,Monterrey,Finanzas,55,11114867,HR Systems Architect,Technical,decision maker engaged,New Business,Inbound,3961,2025-10-06,LinkedIn,linkedin_paid_awareness,sales qualified lead,open deal,true,4,42
959,jorge.ramos12@gmail.com,Jorge,Ramos,Argentina,Tucumán,Logística,365,40584749,Payroll Analyst,IC,pilot,New Business,Inbound,4035,2024-05-22,LinkedIn,linkedin_paid_retargeting,opportunity,open deal,true,4,17
960,luis.hernandez30@outlook.com,Luis,Hernández,Colombia,Cartagena,Tecnología,392,57188226,Training Manager,Manager,prequalified,New Business,Inbound,,,LinkedIn,linkedin_paid_conversion,marketing qualified lead,open,true,2,31
961,isabella.diaz16@tecnologiasrl.co,Isabella,Díaz,Chile,Antofagasta,Tecnología,98,19601570,Payroll Analyst,IC,won,New Business,Inbound,14924,2024-09-13,Facebook,facebook_paid_lookalike,customer,open deal,true,2,13
962,luis.ruiz18@gmail.com,Luis,Ruiz,Chile,La Serena,Tecnología,459,22299134,People Operations Manager,Manager,prequalified,New Business,Inbound,,,Instagram,instagram_paid_feed,marketing qualified lead,open,true,1,11
963,patricia.romero56@alimentaciontech.com,Patricia,Romero,México,Monterrey,Alimentación,20,4261661,People Operations Manager,Manager,final negotiation,New Business,Outbound,8340,2024-09-15,Referral,referral_organic,opportunity,open deal,true,6,16
964,monica.castro60@saludgroup.mx,Monica,Castro,Argentina,Córdoba,Salud,345,50963182,Training Manager,Manager,champion engaged,New Business,Outbound,7867,,Facebook,facebook_paid_prospecting,sales qualified lead,open deal,true,2,10
965,luis.ruiz47@logisticainc.com.ar,Luis,Ruiz,Perú,Trujillo,Logística,222,51458352,HR Coordinator,IC,approaching,New Business,Outbound,,,Organic,organic_seo,lead,open,false,0,
966,sergio.reyes72@manufacturatech.com,Sergio,Reyes,Brasil,São Paulo,Manufactura,90,6635229,HRIS Specialist,Technical,lead,New Business,Outbound,,,Instagram,instagram_paid_feed,lead,new,true,1,19
967,fernando.gomez31@logisticacorp.com,Fernando,Gómez,Chile,La Serena,Logística,862,62650104,HRIS Specialist,Technical,lost,New Business,Enterprise,37905,2025-02-08,Instagram,instagram_paid_reels,lead,unqualified,true,8,24
968,hernan.navarro93@telecomunicacionescorp.co,Hernán,Navarro,Perú,Arequipa,Telecomunicaciones,183,12849293,Training Manager,Manager,lost,New Business,Partnerships,7824,2026-10-18,Event,event_conference,lead,unqualified,true,3,36
969,laura.flores64@construccionsrl.mx,Laura,Flores,Brasil,Curitiba,Construcción,57,17646419,Organizational Development Specialist,Technical,lead,New Business,Outbound,,,Google,google_paid_performance_max,lead,open,false,0,
970,valentina.gomez95@gmail.com,Valentina,Gómez,Brasil,Belo Horizonte,Alimentación,102,7070553,HR Analyst,IC,won,New Business,Inbound,5023,2026-06-30,Referral,referral_organic,customer,open deal,true,4,16
971,nicolas.chavez75@educacionsa.cl,Nicolás,Chávez,Chile,Antofagasta,Educación,9368,883912044,HR Assistant,IC,approaching,New Business,Enterprise,,,Google,google_paid_display,lead,new,false,0,
972,carolina.chavez46@outlook.com,Carolina,Chávez,Chile,Concepción,Construcción,249,39745564,People Manager,Manager,pilot,New Business,Partnerships,5570,2026-08-24,Referral,referral_organic,opportunity,open deal,false,0,
973,ricardo.sanchez7@manufacturacorp.mx,Ricardo,Sánchez,Brasil,Porto Alegre,Manufactura,71,19737429,HR Technology Consultant,Technical,champion engaged,New Business,Inbound,4519,,Organic,organic_seo,sales qualified lead,open deal,false,0,
974,ricardo.suarez81@outlook.com,Ricardo,Suárez,Chile,Valparaíso,Alimentación,6101,200020897,Founder & CEO,C-Level / VP,final negotiation,New Business,Enterprise,53568,2024-08-28,LinkedIn,linkedin_paid_conversion,opportunity,open deal,true,7,5
975,jorge.ruiz12@saludsolutions.com,Jorge,Ruiz,Brasil,São Paulo,Salud,127,7650319,Compensation & Benefits Manager,Manager,final negotiation,New Business,Inbound,12754,2026-11-24,Facebook,facebook_paid_prospecting,opportunity,open deal,true,4,3
976,sofia.gutierrez40@finanzassa.cl,Sofía,Gutiérrez,Colombia,Bogotá,Finanzas,31,4094646,HR Coordinator,IC,lost,New Business,Inbound,5278,2026-12-30,Google,google_paid_display,lead,unqualified,true,1,42
977,javier.garcia71@tecnologiasa.cl,Javier,García,Perú,Piura,Tecnología,5443,598774802,CEO,C-Level / VP,pilot,New Business,Enterprise,141971,2026-10-01,Facebook,facebook_paid_retargeting,opportunity,open deal,true,3,39
978,laura.morales81@retailsa.com,Laura,Morales,Argentina,Mendoza,Retail,199,5559288,Workforce Manager,Manager,prequalified,New Business,Inbound,,,LinkedIn,linkedin_paid_retargeting,marketing qualified lead,open,false,0,
979,valeria.gutierrez2@alimentaciongroup.mx,Valeria,Gutiérrez,Colombia,Cartagena,Alimentación,571,165590484,Compensation & Benefits Manager,Manager,lost,New Business,Enterprise,39351,2026-04-28,Instagram,instagram_paid_feed,lead,unqualified,true,6,3
980,agustin.cruz85@alimentacionsrl.com.ar,Agustín,Cruz,Brasil,São Paulo,Alimentación,226,42723512,Operations Manager,Manager,approaching,New Business,Partnerships,,,Google,google_paid_search,lead,new,false,0,
981,laura.martinez64@retailgroup.cl,Laura,Martínez,Argentina,Tucumán,Retail,40,2255481,HR Analyst,IC,lead,New Business,Outbound,,,Facebook,facebook_paid_retargeting,lead,new,true,1,31
982,daniela.gutierrez26@tecnologiasa.com,Daniela,Gutiérrez,Brasil,Rio de Janeiro,Tecnología,65,14328026,HR Assistant,IC,prequalified,New Business,Inbound,,,Referral,referral_organic,marketing qualified lead,open,true,1,26
983,monica.navarro40@saludsa.cl,Monica,Navarro,Perú,Lima,Salud,6801,144870489,Director General,C-Level / VP,pilot,New Business,Enterprise,68180,2026-02-03,Google,google_paid_display,opportunity,open deal,false,0,
984,nicolas.medina26@manufacturagroup.cl,Nicolás,Medina,Colombia,Barranquilla,Manufactura,24,1572045,Organizational Development Specialist,Technical,decision maker engaged,New Business,Inbound,3584,2025-07-29,LinkedIn,linkedin_paid_awareness,sales qualified lead,open deal,true,2,41
985,sofia.mendoza97@gmail.com,Sofía,Mendoza,Colombia,Medellín,Retail,260,13507912,CFO,C-Level / VP,pilot,New Business,Partnerships,24324,2025-05-28,Google,google_paid_display,opportunity,open deal,true,1,3
986,gabriela.gonzalez81@saludsrl.com,Gabriela,González,Chile,Antofagasta,Salud,253,42976537,VP of Human Resources,C-Level / VP,discovery,New Business,Outbound,,,Google,google_paid_performance_max,marketing qualified lead,open,false,0,
987,jorge.suarez94@retailcorp.com.ar,Jorge,Suárez,México,Ciudad de México,Retail,742,75433253,Recruiter,IC,lost,New Business,Outbound,37653,2026-05-27,Organic,organic_seo,lead,unqualified,true,3,43
988,florencia.alvarez45@gmail.com,Florencia,Álvarez,México,Ciudad de México,Retail,26,4048675,HR Assistant,IC,decision maker engaged,New Business,Outbound,4576,2026-11-20,Instagram,instagram_paid_feed,sales qualified lead,open deal,true,3,7
989,valeria.suarez94@tecnologiagroup.com,Valeria,Suárez,México,Monterrey,Tecnología,413,15925344,Recruiter,IC,champion engaged,New Business,Outbound,10421,,Facebook,facebook_paid_lookalike,sales qualified lead,open deal,false,0,
990,valentina.perez19@alimentacioninc.mx,Valentina,Pérez,México,Puebla,Alimentación,108,13453048,People Manager,Manager,demo,New Business,Inbound,8558,,LinkedIn,linkedin_paid_retargeting,sales qualified lead,open deal,false,0,
991,gustavo.herrera81@tecnologiasolutions.cl,Gustavo,Herrera,México,Monterrey,Tecnología,182,18032249,HR Generalist,IC,final negotiation,New Business,Outbound,8731,2025-04-20,Instagram,instagram_paid_reels,opportunity,open deal,true,1,34
992,valeria.vargas11@telecomunicacionesinc.com,Valeria,Vargas,España,Barcelona,Telecomunicaciones,159,17212636,HR Coordinator,IC,discovery,New Business,Partnerships,,,Facebook,facebook_paid_prospecting,marketing qualified lead,open,false,0,
993,elena.reyes76@retailinc.com.ar,Elena,Reyes,México,Ciudad de México,Retail,369,35609638,Talent Acquisition Manager,Manager,won,New Business,Partnerships,10768,2025-07-09,Instagram,instagram_paid_stories,customer,open deal,true,7,29
994,natalia.ramirez34@construccionsrl.cl,Natalia,Ramírez,Chile,La Serena,Construcción,8056,369611717,HR Consultant,Technical,demo,New Business,Outbound,19830,,LinkedIn,linkedin_paid_retargeting,sales qualified lead,open deal,true,3,26
995,vanessa.diaz20@alimentacionsa.mx,Vanessa,Díaz,México,Guadalajara,Alimentación,32,4521143,Recruiter,IC,lost,New Business,Outbound,6295,2025-03-31,Organic,organic_seo,lead,bad timing,true,4,27
996,luis.cruz55@finanzascorp.com,Luis,Cruz,Brasil,Curitiba,Finanzas,107,5914171,HR Generalist,IC,lead,New Business,Outbound,,,Google,google_paid_display,lead,new,false,0,
997,natalia.ramirez23@educaciontech.com.ar,Natalia,Ramírez,España,Sevilla,Educación,91,10472847,CFO,C-Level / VP,decision maker engaged,New Business,Outbound,14718,2024-07-22,Google,google_paid_performance_max,sales qualified lead,open deal,true,4,40
998,isabella.fernandez97@gmail.com,Isabella,Fernández,Colombia,Cali,Manufactura,1749,882610879,HR Systems Architect,Technical,pilot,New Business,Outbound,20922,2026-05-23,Google,google_paid_performance_max,opportunity,open deal,true,5,21
999,florencia.suarez37@retailgroup.cl,Florencia,Suárez,México,Ciudad de México,Retail,53,7857952,HR Business Partner,Manager,lost,New Business,Partnerships,10285,2026-06-29,Referral,referral_organic,lead,unqualified,true,2,16
1000,sofia.morales40@gmail.com,Sofía,Morales,Perú,Arequipa,Logística,397,50489965,Talent Acquisition Specialist,IC,champion engaged,New Business,Outbound,6028,,Instagram,instagram_paid_feed,sales qualified lead,open deal,false,0,